"","Week.starting","Language","Country.code","Tweets","group"
"2",2019-07-07,"ar","ARE",1,"1"
"3",2019-07-07,"ar","CHE",1,"1"
"4",2019-07-07,"ar","DEU",2,"1"
"5",2019-07-07,"ar","DZA",2,"1"
"6",2019-07-07,"ar","EGY",5,"1"
"7",2019-07-07,"ar","GBR",1,"1"
"8",2019-07-07,"ar","IRQ",2,"1"
"9",2019-07-07,"ar","KWT",6,"1"
"10",2019-07-07,"ar","LBN",2,"1"
"11",2019-07-07,"ar","PAK",2,"1"
"12",2019-07-07,"ar","PSE",2,"1"
"13",2019-07-07,"ar","SAU",25,"1"
"14",2019-07-07,"ar","SDN",2,"1"
"15",2019-07-07,"ar","SYR",3,"1"
"16",2019-07-07,"ar","TUR",2,"1"
"17",2019-07-07,"ar","USA",2,"1"
"18",2019-07-07,"ar","YEM",13,"1"
"20",2019-07-07,"en","AFG",17,"1"
"21",2019-07-07,"en","ALB",1,"1"
"22",2019-07-07,"en","ARG",2,"1"
"23",2019-07-07,"en","AUT",2,"1"
"24",2019-07-07,"en","BEL",2,"1"
"25",2019-07-07,"en","BHR",3,"1"
"26",2019-07-07,"en","BMU",1,"1"
"27",2019-07-07,"en","CAN",20,"1"
"28",2019-07-07,"en","CHE",1,"1"
"29",2019-07-07,"en","CHN",2,"1"
"30",2019-07-07,"en","COL",1,"1"
"31",2019-07-07,"en","CYP",3,"1"
"32",2019-07-07,"en","DEU",5,"1"
"33",2019-07-07,"en","DNK",2,"1"
"34",2019-07-07,"en","ECU",1,"1"
"35",2019-07-07,"en","ESP",6,"1"
"36",2019-07-07,"en","ETH",1,"1"
"37",2019-07-07,"en","FIN",1,"1"
"38",2019-07-07,"en","FJI",1,"1"
"39",2019-07-07,"en","FRA",5,"1"
"40",2019-07-07,"en","GBR",40,"1"
"41",2019-07-07,"en","GHA",5,"1"
"42",2019-07-07,"en","GRC",4,"1"
"43",2019-07-07,"en","GUY",1,"1"
"44",2019-07-07,"en","HND",2,"1"
"45",2019-07-07,"en","IDN",5,"1"
"46",2019-07-07,"en","IND",9,"1"
"47",2019-07-07,"en","IRN",3,"1"
"48",2019-07-07,"en","IRQ",1,"1"
"49",2019-07-07,"en","ISL",1,"1"
"50",2019-07-07,"en","ISR",1,"1"
"51",2019-07-07,"en","ITA",8,"1"
"52",2019-07-07,"en","JPN",5,"1"
"53",2019-07-07,"en","KEN",6,"1"
"54",2019-07-07,"en","KHM",1,"1"
"55",2019-07-07,"en","KOR",1,"1"
"56",2019-07-07,"en","LKA",7,"1"
"57",2019-07-07,"en","MLI",1,"1"
"58",2019-07-07,"en","MLT",1,"1"
"59",2019-07-07,"en","MNG",1,"1"
"60",2019-07-07,"en","MYS",1,"1"
"61",2019-07-07,"en","NAM",1,"1"
"62",2019-07-07,"en","NGA",66,"1"
"63",2019-07-07,"en","NLD",3,"1"
"64",2019-07-07,"en","NOR",1,"1"
"65",2019-07-07,"en","NPL",2,"1"
"66",2019-07-07,"en","NZL",1,"1"
"67",2019-07-07,"en","OMN",1,"1"
"68",2019-07-07,"en","PAK",15,"1"
"69",2019-07-07,"en","PER",1,"1"
"70",2019-07-07,"en","PHL",4,"1"
"71",2019-07-07,"en","PRT",1,"1"
"72",2019-07-07,"en","RUS",2,"1"
"73",2019-07-07,"en","SAU",2,"1"
"74",2019-07-07,"en","SVN",1,"1"
"75",2019-07-07,"en","SWE",2,"1"
"76",2019-07-07,"en","TUR",3,"1"
"77",2019-07-07,"en","UGA",1,"1"
"78",2019-07-07,"en","UKR",1,"1"
"79",2019-07-07,"en","URY",1,"1"
"80",2019-07-07,"en","USA",1981,"1"
"81",2019-07-07,"en","VEN",1,"1"
"82",2019-07-07,"en","ZMB",1,"1"
"84",2019-07-07,"fr","FIN",1,"1"
"85",2019-07-07,"fr","FRA",7,"1"
"86",2019-07-07,"fr","USA",2,"1"
"88",2019-07-14,"ar","AFG",3,"1"
"89",2019-07-14,"ar","ARE",40,"1"
"90",2019-07-14,"ar","ARG",1,"1"
"91",2019-07-14,"ar","AUS",2,"1"
"92",2019-07-14,"ar","AUT",1,"1"
"93",2019-07-14,"ar","BEL",1,"1"
"94",2019-07-14,"ar","BHR",5,"1"
"95",2019-07-14,"ar","BIH",1,"1"
"96",2019-07-14,"ar","BRA",1,"1"
"97",2019-07-14,"ar","CAN",6,"1"
"98",2019-07-14,"ar","CHE",5,"1"
"99",2019-07-14,"ar","CHN",2,"1"
"100",2019-07-14,"ar","CMR",2,"1"
"101",2019-07-14,"ar","DEU",9,"1"
"102",2019-07-14,"ar","DZA",11,"1"
"103",2019-07-14,"ar","ECU",1,"1"
"104",2019-07-14,"ar","EGY",149,"1"
"105",2019-07-14,"ar","ESP",2,"1"
"106",2019-07-14,"ar","FIN",36,"1"
"107",2019-07-14,"ar","FRA",12,"1"
"108",2019-07-14,"ar","GBR",25,"1"
"109",2019-07-14,"ar","HRV",2,"1"
"110",2019-07-14,"ar","HUN",1,"1"
"111",2019-07-14,"ar","IDN",1,"1"
"112",2019-07-14,"ar","IND",2,"1"
"113",2019-07-14,"ar","IRN",12,"1"
"114",2019-07-14,"ar","IRQ",34,"1"
"115",2019-07-14,"ar","ISL",1,"1"
"116",2019-07-14,"ar","ITA",1,"1"
"117",2019-07-14,"ar","JOR",24,"1"
"118",2019-07-14,"ar","JPN",1,"1"
"119",2019-07-14,"ar","KWT",43,"1"
"120",2019-07-14,"ar","LBN",15,"1"
"121",2019-07-14,"ar","LBY",26,"1"
"122",2019-07-14,"ar","MAR",5,"1"
"123",2019-07-14,"ar","MDV",1,"1"
"124",2019-07-14,"ar","MYS",2,"1"
"125",2019-07-14,"ar","NER",1,"1"
"126",2019-07-14,"ar","NOR",1,"1"
"127",2019-07-14,"ar","NZL",1,"1"
"128",2019-07-14,"ar","OMN",86,"1"
"129",2019-07-14,"ar","PLW",1,"1"
"130",2019-07-14,"ar","PNG",1,"1"
"131",2019-07-14,"ar","PRT",1,"1"
"132",2019-07-14,"ar","PSE",15,"1"
"133",2019-07-14,"ar","QAT",11,"1"
"134",2019-07-14,"ar","RUS",4,"1"
"135",2019-07-14,"ar","SAU",686,"1"
"136",2019-07-14,"ar","SDN",12,"1"
"137",2019-07-14,"ar","SVN",1,"1"
"138",2019-07-14,"ar","SYR",135,"1"
"139",2019-07-14,"ar","TUN",3,"1"
"140",2019-07-14,"ar","TUR",6,"1"
"141",2019-07-14,"ar","UKR",1,"1"
"142",2019-07-14,"ar","USA",74,"1"
"143",2019-07-14,"ar","YEM",81,"1"
"144",2019-07-14,"ar","ZAF",1,"1"
"146",2019-07-14,"en","AFG",65,"1"
"147",2019-07-14,"en","ALB",1,"1"
"148",2019-07-14,"en","ARE",5,"1"
"149",2019-07-14,"en","ATA",1,"1"
"150",2019-07-14,"en","AUT",2,"1"
"151",2019-07-14,"en","BEL",1,"1"
"152",2019-07-14,"en","BGD",10,"1"
"153",2019-07-14,"en","BOL",1,"1"
"154",2019-07-14,"en","BRA",1,"1"
"155",2019-07-14,"en","BRN",1,"1"
"156",2019-07-14,"en","BWA",1,"1"
"157",2019-07-14,"en","CAN",63,"1"
"158",2019-07-14,"en","CHE",4,"1"
"159",2019-07-14,"en","CHL",1,"1"
"160",2019-07-14,"en","CHN",2,"1"
"161",2019-07-14,"en","CIV",1,"1"
"162",2019-07-14,"en","CMR",4,"1"
"163",2019-07-14,"en","CPV",1,"1"
"164",2019-07-14,"en","CRI",1,"1"
"165",2019-07-14,"en","CYP",1,"1"
"166",2019-07-14,"en","CZE",2,"1"
"167",2019-07-14,"en","DEU",9,"1"
"168",2019-07-14,"en","DNK",4,"1"
"169",2019-07-14,"en","EGY",4,"1"
"170",2019-07-14,"en","ESP",4,"1"
"171",2019-07-14,"en","EST",1,"1"
"172",2019-07-14,"en","ETH",2,"1"
"173",2019-07-14,"en","FIN",12,"1"
"174",2019-07-14,"en","FRA",12,"1"
"175",2019-07-14,"en","GBR",68,"1"
"176",2019-07-14,"en","GGY",1,"1"
"177",2019-07-14,"en","GHA",4,"1"
"178",2019-07-14,"en","GRC",7,"1"
"179",2019-07-14,"en","HRV",1,"1"
"180",2019-07-14,"en","HUN",2,"1"
"181",2019-07-14,"en","IDN",1,"1"
"182",2019-07-14,"en","IND",23,"1"
"183",2019-07-14,"en","IRN",2,"1"
"184",2019-07-14,"en","IRQ",2,"1"
"185",2019-07-14,"en","ISR",3,"1"
"186",2019-07-14,"en","ITA",3,"1"
"187",2019-07-14,"en","JAM",2,"1"
"188",2019-07-14,"en","JPN",5,"1"
"189",2019-07-14,"en","KEN",12,"1"
"190",2019-07-14,"en","KOR",1,"1"
"191",2019-07-14,"en","LBN",2,"1"
"192",2019-07-14,"en","LKA",12,"1"
"193",2019-07-14,"en","LUX",1,"1"
"194",2019-07-14,"en","MAC",1,"1"
"195",2019-07-14,"en","MEX",4,"1"
"196",2019-07-14,"en","MNG",1,"1"
"197",2019-07-14,"en","MYS",3,"1"
"198",2019-07-14,"en","NAM",1,"1"
"199",2019-07-14,"en","NGA",11,"1"
"200",2019-07-14,"en","NIC",3,"1"
"201",2019-07-14,"en","NLD",5,"1"
"202",2019-07-14,"en","NOR",10,"1"
"203",2019-07-14,"en","NPL",1,"1"
"204",2019-07-14,"en","NZL",3,"1"
"205",2019-07-14,"en","OMN",4,"1"
"206",2019-07-14,"en","PAK",11,"1"
"207",2019-07-14,"en","PAN",1,"1"
"208",2019-07-14,"en","PHL",12,"1"
"209",2019-07-14,"en","PRT",5,"1"
"210",2019-07-14,"en","PSE",1,"1"
"211",2019-07-14,"en","QAT",5,"1"
"212",2019-07-14,"en","ROU",1,"1"
"213",2019-07-14,"en","RUS",1,"1"
"214",2019-07-14,"en","SDN",2,"1"
"215",2019-07-14,"en","SGP",1,"1"
"216",2019-07-14,"en","SLE",1,"1"
"217",2019-07-14,"en","SOM",4,"1"
"218",2019-07-14,"en","SVK",1,"1"
"219",2019-07-14,"en","SVN",1,"1"
"220",2019-07-14,"en","SWE",7,"1"
"221",2019-07-14,"en","SYR",1,"1"
"222",2019-07-14,"en","TUN",1,"1"
"223",2019-07-14,"en","TUR",12,"1"
"224",2019-07-14,"en","TWN",1,"1"
"225",2019-07-14,"en","UGA",4,"1"
"226",2019-07-14,"en","UKR",1,"1"
"227",2019-07-14,"en","USA",3194,"1"
"228",2019-07-14,"en","ZAF",6,"1"
"229",2019-07-14,"en","ZMB",3,"1"
"230",2019-07-14,"en","ZWE",9,"1"
"232",2019-07-14,"fr","FIN",1,"1"
"233",2019-07-14,"fr","FRA",3,"1"
"234",2019-07-14,"fr","TGO",1,"1"
"236",2019-07-21,"ar","AFG",2,"1"
"237",2019-07-21,"ar","ARE",39,"1"
"238",2019-07-21,"ar","AUS",5,"1"
"239",2019-07-21,"ar","BEL",3,"1"
"240",2019-07-21,"ar","BGD",1,"1"
"241",2019-07-21,"ar","BHR",10,"1"
"242",2019-07-21,"ar","BRA",1,"1"
"243",2019-07-21,"ar","CAN",6,"1"
"244",2019-07-21,"ar","CHE",18,"1"
"245",2019-07-21,"ar","CHN",5,"1"
"246",2019-07-21,"ar","CIV",1,"1"
"247",2019-07-21,"ar","DEU",12,"1"
"248",2019-07-21,"ar","DZA",15,"1"
"249",2019-07-21,"ar","EGY",220,"1"
"250",2019-07-21,"ar","ESP",3,"1"
"251",2019-07-21,"ar","FIN",25,"1"
"252",2019-07-21,"ar","FRA",10,"1"
"253",2019-07-21,"ar","GBR",38,"1"
"254",2019-07-21,"ar","GRC",1,"1"
"255",2019-07-21,"ar","HUN",1,"1"
"256",2019-07-21,"ar","IDN",2,"1"
"257",2019-07-21,"ar","IND",1,"1"
"258",2019-07-21,"ar","IRN",22,"1"
"259",2019-07-21,"ar","IRQ",49,"1"
"260",2019-07-21,"ar","ISR",1,"1"
"261",2019-07-21,"ar","ITA",3,"1"
"262",2019-07-21,"ar","JOR",23,"1"
"263",2019-07-21,"ar","KOR",1,"1"
"264",2019-07-21,"ar","KWT",73,"1"
"265",2019-07-21,"ar","LBN",12,"1"
"266",2019-07-21,"ar","LBY",32,"1"
"267",2019-07-21,"ar","MAR",11,"1"
"268",2019-07-21,"ar","MLT",1,"1"
"269",2019-07-21,"ar","MRT",3,"1"
"270",2019-07-21,"ar","MTQ",1,"1"
"271",2019-07-21,"ar","MYS",1,"1"
"272",2019-07-21,"ar","NLD",1,"1"
"273",2019-07-21,"ar","OMN",87,"1"
"274",2019-07-21,"ar","PAK",2,"1"
"275",2019-07-21,"ar","PER",1,"1"
"276",2019-07-21,"ar","PRI",1,"1"
"277",2019-07-21,"ar","PSE",29,"1"
"278",2019-07-21,"ar","QAT",25,"1"
"279",2019-07-21,"ar","RUS",3,"1"
"280",2019-07-21,"ar","SAU",385,"1"
"281",2019-07-21,"ar","SDN",9,"1"
"282",2019-07-21,"ar","SOM",1,"1"
"283",2019-07-21,"ar","SWE",1,"1"
"284",2019-07-21,"ar","SYR",544,"1"
"285",2019-07-21,"ar","TUN",6,"1"
"286",2019-07-21,"ar","TUR",17,"1"
"287",2019-07-21,"ar","UGA",1,"1"
"288",2019-07-21,"ar","USA",62,"1"
"289",2019-07-21,"ar","VEN",1,"1"
"290",2019-07-21,"ar","YEM",104,"1"
"292",2019-07-21,"en","AFG",13,"1"
"293",2019-07-21,"en","AUS",4,"1"
"294",2019-07-21,"en","BEL",2,"1"
"295",2019-07-21,"en","BGD",2,"1"
"296",2019-07-21,"en","BGR",1,"1"
"297",2019-07-21,"en","BRA",2,"1"
"298",2019-07-21,"en","CAF",1,"1"
"299",2019-07-21,"en","CAN",22,"1"
"300",2019-07-21,"en","CHE",1,"1"
"301",2019-07-21,"en","CHN",4,"1"
"302",2019-07-21,"en","COL",2,"1"
"303",2019-07-21,"en","CZE",1,"1"
"304",2019-07-21,"en","DEU",8,"1"
"305",2019-07-21,"en","EGY",1,"1"
"306",2019-07-21,"en","ESP",1,"1"
"307",2019-07-21,"en","EST",1,"1"
"308",2019-07-21,"en","ETH",3,"1"
"309",2019-07-21,"en","FIN",7,"1"
"310",2019-07-21,"en","FJI",1,"1"
"311",2019-07-21,"en","FRA",1,"1"
"312",2019-07-21,"en","GBR",23,"1"
"313",2019-07-21,"en","GHA",5,"1"
"314",2019-07-21,"en","GRC",1,"1"
"315",2019-07-21,"en","HTI",1,"1"
"316",2019-07-21,"en","IDN",2,"1"
"317",2019-07-21,"en","IND",5,"1"
"318",2019-07-21,"en","IRL",2,"1"
"319",2019-07-21,"en","IRN",3,"1"
"320",2019-07-21,"en","IRQ",2,"1"
"321",2019-07-21,"en","ITA",3,"1"
"322",2019-07-21,"en","JAM",1,"1"
"323",2019-07-21,"en","JOR",1,"1"
"324",2019-07-21,"en","KEN",5,"1"
"325",2019-07-21,"en","KWT",1,"1"
"326",2019-07-21,"en","LBR",2,"1"
"327",2019-07-21,"en","LBY",1,"1"
"328",2019-07-21,"en","LKA",1,"1"
"329",2019-07-21,"en","LUX",3,"1"
"330",2019-07-21,"en","MAR",1,"1"
"331",2019-07-21,"en","MEX",2,"1"
"332",2019-07-21,"en","MOZ",3,"1"
"333",2019-07-21,"en","MYS",1,"1"
"334",2019-07-21,"en","NGA",3,"1"
"335",2019-07-21,"en","NLD",1,"1"
"336",2019-07-21,"en","NOR",2,"1"
"337",2019-07-21,"en","NPL",1,"1"
"338",2019-07-21,"en","PAK",1,"1"
"339",2019-07-21,"en","PAN",1,"1"
"340",2019-07-21,"en","PER",1,"1"
"341",2019-07-21,"en","PHL",4,"1"
"342",2019-07-21,"en","POL",1,"1"
"343",2019-07-21,"en","PRT",1,"1"
"344",2019-07-21,"en","QAT",2,"1"
"345",2019-07-21,"en","RUS",2,"1"
"346",2019-07-21,"en","SOM",3,"1"
"347",2019-07-21,"en","SWE",2,"1"
"348",2019-07-21,"en","SYR",4,"1"
"349",2019-07-21,"en","THA",1,"1"
"350",2019-07-21,"en","TWN",1,"1"
"351",2019-07-21,"en","UGA",2,"1"
"352",2019-07-21,"en","UKR",1,"1"
"353",2019-07-21,"en","USA",1381,"1"
"354",2019-07-21,"en","VNM",1,"1"
"355",2019-07-21,"en","YEM",2,"1"
"356",2019-07-21,"en","ZAF",1,"1"
"357",2019-07-21,"en","ZMB",2,"1"
"358",2019-07-21,"en","ZWE",4,"1"
"360",2019-07-21,"fr","FRA",13,"1"
"361",2019-07-21,"fr","SEN",1,"1"
"362",2019-07-21,"fr","TUN",1,"1"
"363",2019-07-21,"fr","USA",1,"1"
"365",2019-07-28,"ar","ARE",5,"1"
"366",2019-07-28,"ar","BHR",3,"1"
"367",2019-07-28,"ar","BRA",1,"1"
"368",2019-07-28,"ar","CAN",1,"1"
"369",2019-07-28,"ar","CHE",3,"1"
"370",2019-07-28,"ar","COL",1,"1"
"371",2019-07-28,"ar","DEU",2,"1"
"372",2019-07-28,"ar","DZA",1,"1"
"373",2019-07-28,"ar","EGY",29,"1"
"374",2019-07-28,"ar","FIN",1,"1"
"375",2019-07-28,"ar","FRA",3,"1"
"376",2019-07-28,"ar","GBR",69,"1"
"377",2019-07-28,"ar","HUN",1,"1"
"378",2019-07-28,"ar","IND",1,"1"
"379",2019-07-28,"ar","IRN",5,"1"
"380",2019-07-28,"ar","IRQ",6,"1"
"381",2019-07-28,"ar","JOR",2,"1"
"382",2019-07-28,"ar","JPN",1,"1"
"383",2019-07-28,"ar","KWT",5,"1"
"384",2019-07-28,"ar","LBN",6,"1"
"385",2019-07-28,"ar","LBY",7,"1"
"386",2019-07-28,"ar","MAR",2,"1"
"387",2019-07-28,"ar","OMN",4,"1"
"388",2019-07-28,"ar","PER",1,"1"
"389",2019-07-28,"ar","PHL",1,"1"
"390",2019-07-28,"ar","PSE",2,"1"
"391",2019-07-28,"ar","QAT",15,"1"
"392",2019-07-28,"ar","SAU",16,"1"
"393",2019-07-28,"ar","SDN",31,"1"
"394",2019-07-28,"ar","SHN",1,"1"
"395",2019-07-28,"ar","SWE",3,"1"
"396",2019-07-28,"ar","SYR",44,"1"
"397",2019-07-28,"ar","TUR",7,"1"
"398",2019-07-28,"ar","USA",11,"1"
"399",2019-07-28,"ar","YEM",20,"1"
"401",2019-07-28,"en","AFG",4,"1"
"402",2019-07-28,"en","AUS",2,"1"
"403",2019-07-28,"en","AZE",1,"1"
"404",2019-07-28,"en","BDI",1,"1"
"405",2019-07-28,"en","BEN",1,"1"
"406",2019-07-28,"en","BGD",1,"1"
"407",2019-07-28,"en","BGR",1,"1"
"408",2019-07-28,"en","BLR",1,"1"
"409",2019-07-28,"en","BRA",1,"1"
"410",2019-07-28,"en","CAN",17,"1"
"411",2019-07-28,"en","CHE",4,"1"
"412",2019-07-28,"en","CHN",2,"1"
"413",2019-07-28,"en","CMR",1,"1"
"414",2019-07-28,"en","COL",1,"1"
"415",2019-07-28,"en","CZE",1,"1"
"416",2019-07-28,"en","DEU",3,"1"
"417",2019-07-28,"en","DNK",1,"1"
"418",2019-07-28,"en","ECU",1,"1"
"419",2019-07-28,"en","FIN",1,"1"
"420",2019-07-28,"en","FRA",2,"1"
"421",2019-07-28,"en","GBR",9,"1"
"422",2019-07-28,"en","GGY",1,"1"
"423",2019-07-28,"en","GHA",6,"1"
"424",2019-07-28,"en","GRC",1,"1"
"425",2019-07-28,"en","HUN",1,"1"
"426",2019-07-28,"en","IDN",5,"1"
"427",2019-07-28,"en","IND",3,"1"
"428",2019-07-28,"en","IRN",3,"1"
"429",2019-07-28,"en","IRQ",2,"1"
"430",2019-07-28,"en","ISR",1,"1"
"431",2019-07-28,"en","ITA",6,"1"
"432",2019-07-28,"en","KAZ",1,"1"
"433",2019-07-28,"en","KEN",18,"1"
"434",2019-07-28,"en","KOR",1,"1"
"435",2019-07-28,"en","LBY",1,"1"
"436",2019-07-28,"en","MAR",13,"1"
"437",2019-07-28,"en","NGA",8,"1"
"438",2019-07-28,"en","NOR",4,"1"
"439",2019-07-28,"en","NPL",2,"1"
"440",2019-07-28,"en","OMN",2,"1"
"441",2019-07-28,"en","PHL",3,"1"
"442",2019-07-28,"en","PRI",1,"1"
"443",2019-07-28,"en","PRT",1,"1"
"444",2019-07-28,"en","PSE",12,"1"
"445",2019-07-28,"en","QAT",3,"1"
"446",2019-07-28,"en","RUS",1,"1"
"447",2019-07-28,"en","SDN",7,"1"
"448",2019-07-28,"en","SOM",3,"1"
"449",2019-07-28,"en","SVK",2,"1"
"450",2019-07-28,"en","SWE",2,"1"
"451",2019-07-28,"en","SYR",1,"1"
"452",2019-07-28,"en","THA",1,"1"
"453",2019-07-28,"en","TUR",3,"1"
"454",2019-07-28,"en","TWN",1,"1"
"455",2019-07-28,"en","UGA",4,"1"
"456",2019-07-28,"en","USA",1180,"1"
"457",2019-07-28,"en","YEM",1,"1"
"458",2019-07-28,"en","ZAF",3,"1"
"459",2019-07-28,"en","ZWE",3,"1"
"461",2019-07-28,"fr","FRA",2,"1"
"462",2019-07-28,"fr","JPN",1,"1"
"463",2019-07-28,"fr","TCD",1,"1"
"464",2019-07-28,"fr","USA",2,"1"
"466",2019-08-04,"ar","AFG",1,"1"
"467",2019-08-04,"ar","ARE",2,"1"
"468",2019-08-04,"ar","BEL",2,"1"
"469",2019-08-04,"ar","CHE",2,"1"
"470",2019-08-04,"ar","DZA",3,"1"
"471",2019-08-04,"ar","EGY",18,"1"
"472",2019-08-04,"ar","GBR",10,"1"
"473",2019-08-04,"ar","IRN",3,"1"
"474",2019-08-04,"ar","IRQ",3,"1"
"475",2019-08-04,"ar","KWT",6,"1"
"476",2019-08-04,"ar","LBN",4,"1"
"477",2019-08-04,"ar","LBY",2,"1"
"478",2019-08-04,"ar","MEX",1,"1"
"479",2019-08-04,"ar","OMN",2,"1"
"480",2019-08-04,"ar","PSE",3,"1"
"481",2019-08-04,"ar","SAU",6,"1"
"482",2019-08-04,"ar","SDN",1,"1"
"483",2019-08-04,"ar","SWE",1,"1"
"484",2019-08-04,"ar","SYR",8,"1"
"485",2019-08-04,"ar","TUR",1,"1"
"486",2019-08-04,"ar","USA",4,"1"
"487",2019-08-04,"ar","YEM",10,"1"
"489",2019-08-04,"en","ABW",1,"1"
"490",2019-08-04,"en","AFG",8,"1"
"491",2019-08-04,"en","ARE",6,"1"
"492",2019-08-04,"en","ARG",4,"1"
"493",2019-08-04,"en","ATA",2,"1"
"494",2019-08-04,"en","AUS",5,"1"
"495",2019-08-04,"en","AUT",1,"1"
"496",2019-08-04,"en","BEL",4,"1"
"497",2019-08-04,"en","BHS",1,"1"
"498",2019-08-04,"en","BIH",2,"1"
"499",2019-08-04,"en","BRA",7,"1"
"500",2019-08-04,"en","BTN",1,"1"
"501",2019-08-04,"en","CAN",18,"1"
"502",2019-08-04,"en","CHE",3,"1"
"503",2019-08-04,"en","CHN",4,"1"
"504",2019-08-04,"en","COL",10,"1"
"505",2019-08-04,"en","CRI",2,"1"
"506",2019-08-04,"en","CZE",1,"1"
"507",2019-08-04,"en","DEU",15,"1"
"508",2019-08-04,"en","DNK",7,"1"
"509",2019-08-04,"en","ECU",1,"1"
"510",2019-08-04,"en","ESP",7,"1"
"511",2019-08-04,"en","EST",1,"1"
"512",2019-08-04,"en","ETH",1,"1"
"513",2019-08-04,"en","FIN",15,"1"
"514",2019-08-04,"en","FRA",7,"1"
"515",2019-08-04,"en","GBR",41,"1"
"516",2019-08-04,"en","GGY",1,"1"
"517",2019-08-04,"en","GHA",3,"1"
"518",2019-08-04,"en","GRC",2,"1"
"519",2019-08-04,"en","GUY",2,"1"
"520",2019-08-04,"en","HKG",2,"1"
"521",2019-08-04,"en","HTI",3,"1"
"522",2019-08-04,"en","HUN",1,"1"
"523",2019-08-04,"en","IDN",16,"1"
"524",2019-08-04,"en","IMN",1,"1"
"525",2019-08-04,"en","IND",12,"1"
"526",2019-08-04,"en","IRL",4,"1"
"527",2019-08-04,"en","IRN",6,"1"
"528",2019-08-04,"en","IRQ",2,"1"
"529",2019-08-04,"en","ISR",2,"1"
"530",2019-08-04,"en","ITA",17,"1"
"531",2019-08-04,"en","JAM",3,"1"
"532",2019-08-04,"en","JEY",1,"1"
"533",2019-08-04,"en","JPN",9,"1"
"534",2019-08-04,"en","KAZ",2,"1"
"535",2019-08-04,"en","KEN",14,"1"
"536",2019-08-04,"en","KGZ",1,"1"
"537",2019-08-04,"en","LAO",1,"1"
"538",2019-08-04,"en","LBY",1,"1"
"539",2019-08-04,"en","LUX",1,"1"
"540",2019-08-04,"en","MAR",10,"1"
"541",2019-08-04,"en","MCO",1,"1"
"542",2019-08-04,"en","MEX",8,"1"
"543",2019-08-04,"en","MKD",1,"1"
"544",2019-08-04,"en","MNG",1,"1"
"545",2019-08-04,"en","MYS",2,"1"
"546",2019-08-04,"en","NAM",1,"1"
"547",2019-08-04,"en","NGA",8,"1"
"548",2019-08-04,"en","NLD",8,"1"
"549",2019-08-04,"en","NOR",5,"1"
"550",2019-08-04,"en","NPL",3,"1"
"551",2019-08-04,"en","NZL",2,"1"
"552",2019-08-04,"en","OMN",1,"1"
"553",2019-08-04,"en","PAK",3,"1"
"554",2019-08-04,"en","PHL",6,"1"
"555",2019-08-04,"en","POL",2,"1"
"556",2019-08-04,"en","PRT",12,"1"
"557",2019-08-04,"en","QAT",2,"1"
"558",2019-08-04,"en","ROU",1,"1"
"559",2019-08-04,"en","RUS",2,"1"
"560",2019-08-04,"en","RWA",1,"1"
"561",2019-08-04,"en","SDN",2,"1"
"562",2019-08-04,"en","SEN",1,"1"
"563",2019-08-04,"en","SOM",1,"1"
"564",2019-08-04,"en","SRB",1,"1"
"565",2019-08-04,"en","SVN",2,"1"
"566",2019-08-04,"en","SWE",6,"1"
"567",2019-08-04,"en","THA",3,"1"
"568",2019-08-04,"en","TJK",1,"1"
"569",2019-08-04,"en","TLS",2,"1"
"570",2019-08-04,"en","TTO",1,"1"
"571",2019-08-04,"en","TUN",1,"1"
"572",2019-08-04,"en","TUR",3,"1"
"573",2019-08-04,"en","TWN",1,"1"
"574",2019-08-04,"en","UGA",7,"1"
"575",2019-08-04,"en","USA",5833,"1"
"576",2019-08-04,"en","VEN",3,"1"
"577",2019-08-04,"en","VGB",1,"1"
"578",2019-08-04,"en","YEM",1,"1"
"579",2019-08-04,"en","ZAF",2,"1"
"580",2019-08-04,"en","ZWE",3,"1"
"582",2019-08-04,"fr","CHE",1,"1"
"583",2019-08-04,"fr","FRA",5,"1"
"584",2019-08-04,"fr","GBR",1,"1"
"585",2019-08-04,"fr","ISR",1,"1"
"586",2019-08-04,"fr","MAR",3,"1"
"587",2019-08-04,"fr","MDV",1,"1"
"588",2019-08-04,"fr","REU",1,"1"
"590",2019-08-11,"ar","ARE",1,"1"
"591",2019-08-11,"ar","AUT",1,"1"
"592",2019-08-11,"ar","BHR",1,"1"
"593",2019-08-11,"ar","BRA",1,"1"
"594",2019-08-11,"ar","CHE",2,"1"
"595",2019-08-11,"ar","DEU",2,"1"
"596",2019-08-11,"ar","EGY",16,"1"
"597",2019-08-11,"ar","ESH",2,"1"
"598",2019-08-11,"ar","ESP",1,"1"
"599",2019-08-11,"ar","GBR",5,"1"
"600",2019-08-11,"ar","IRN",1,"1"
"601",2019-08-11,"ar","IRQ",5,"1"
"602",2019-08-11,"ar","KEN",1,"1"
"603",2019-08-11,"ar","KWT",6,"1"
"604",2019-08-11,"ar","LBN",3,"1"
"605",2019-08-11,"ar","LBY",3,"1"
"606",2019-08-11,"ar","MRT",1,"1"
"607",2019-08-11,"ar","OMN",2,"1"
"608",2019-08-11,"ar","PSE",2,"1"
"609",2019-08-11,"ar","SAU",11,"1"
"610",2019-08-11,"ar","SDN",1,"1"
"611",2019-08-11,"ar","SYR",21,"1"
"612",2019-08-11,"ar","THA",1,"1"
"613",2019-08-11,"ar","USA",7,"1"
"614",2019-08-11,"ar","YEM",4,"1"
"616",2019-08-11,"en","ABW",1,"1"
"617",2019-08-11,"en","AFG",5,"1"
"618",2019-08-11,"en","ARE",2,"1"
"619",2019-08-11,"en","ARG",2,"1"
"620",2019-08-11,"en","AUS",8,"1"
"621",2019-08-11,"en","AUT",1,"1"
"622",2019-08-11,"en","AZE",1,"1"
"623",2019-08-11,"en","BEL",9,"1"
"624",2019-08-11,"en","BFA",1,"1"
"625",2019-08-11,"en","BHR",1,"1"
"626",2019-08-11,"en","BMU",1,"1"
"627",2019-08-11,"en","BRA",6,"1"
"628",2019-08-11,"en","CAN",17,"1"
"629",2019-08-11,"en","CHN",5,"1"
"630",2019-08-11,"en","CMR",3,"1"
"631",2019-08-11,"en","COD",1,"1"
"632",2019-08-11,"en","COL",4,"1"
"633",2019-08-11,"en","CZE",2,"1"
"634",2019-08-11,"en","DEU",12,"1"
"635",2019-08-11,"en","DNK",5,"1"
"636",2019-08-11,"en","DZA",1,"1"
"637",2019-08-11,"en","ECU",1,"1"
"638",2019-08-11,"en","EGY",1,"1"
"639",2019-08-11,"en","ESP",4,"1"
"640",2019-08-11,"en","EST",1,"1"
"641",2019-08-11,"en","FIN",16,"1"
"642",2019-08-11,"en","FRA",8,"1"
"643",2019-08-11,"en","GBR",19,"1"
"644",2019-08-11,"en","GHA",7,"1"
"645",2019-08-11,"en","GRC",6,"1"
"646",2019-08-11,"en","GTM",1,"1"
"647",2019-08-11,"en","GUY",1,"1"
"648",2019-08-11,"en","HTI",1,"1"
"649",2019-08-11,"en","HUN",2,"1"
"650",2019-08-11,"en","IDN",4,"1"
"651",2019-08-11,"en","IND",6,"1"
"652",2019-08-11,"en","IRL",3,"1"
"653",2019-08-11,"en","IRN",4,"1"
"654",2019-08-11,"en","IRQ",3,"1"
"655",2019-08-11,"en","ISR",2,"1"
"656",2019-08-11,"en","ITA",10,"1"
"657",2019-08-11,"en","JAM",2,"1"
"658",2019-08-11,"en","JPN",5,"1"
"659",2019-08-11,"en","KAZ",2,"1"
"660",2019-08-11,"en","KEN",21,"1"
"661",2019-08-11,"en","KWT",1,"1"
"662",2019-08-11,"en","LBR",2,"1"
"663",2019-08-11,"en","LBY",1,"1"
"664",2019-08-11,"en","LKA",4,"1"
"665",2019-08-11,"en","MAR",6,"1"
"666",2019-08-11,"en","MEX",3,"1"
"667",2019-08-11,"en","MLI",16,"1"
"668",2019-08-11,"en","NGA",15,"1"
"669",2019-08-11,"en","NLD",6,"1"
"670",2019-08-11,"en","NOR",5,"1"
"671",2019-08-11,"en","NPL",2,"1"
"672",2019-08-11,"en","PAK",13,"1"
"673",2019-08-11,"en","PAN",2,"1"
"674",2019-08-11,"en","PHL",9,"1"
"675",2019-08-11,"en","PNG",3,"1"
"676",2019-08-11,"en","POL",2,"1"
"677",2019-08-11,"en","PRK",2,"1"
"678",2019-08-11,"en","PRT",2,"1"
"679",2019-08-11,"en","PRY",2,"1"
"680",2019-08-11,"en","PSE",2,"1"
"681",2019-08-11,"en","QAT",3,"1"
"682",2019-08-11,"en","ROU",2,"1"
"683",2019-08-11,"en","RUS",1,"1"
"684",2019-08-11,"en","RWA",3,"1"
"685",2019-08-11,"en","SAU",1,"1"
"686",2019-08-11,"en","SEN",1,"1"
"687",2019-08-11,"en","SGP",1,"1"
"688",2019-08-11,"en","SLE",1,"1"
"689",2019-08-11,"en","SOM",2,"1"
"690",2019-08-11,"en","SVN",3,"1"
"691",2019-08-11,"en","SWE",5,"1"
"692",2019-08-11,"en","TUN",1,"1"
"693",2019-08-11,"en","TUR",5,"1"
"694",2019-08-11,"en","TWN",2,"1"
"695",2019-08-11,"en","UGA",3,"1"
"696",2019-08-11,"en","UKR",1,"1"
"697",2019-08-11,"en","URY",1,"1"
"698",2019-08-11,"en","USA",4787,"1"
"699",2019-08-11,"en","VEN",4,"1"
"700",2019-08-11,"en","ZAF",2,"1"
"701",2019-08-11,"en","ZWE",1,"1"
"703",2019-08-11,"fr","CAN",3,"1"
"704",2019-08-11,"fr","FRA",5,"1"
"705",2019-08-11,"fr","MAR",2,"1"
"706",2019-08-11,"fr","MDV",1,"1"
"708",2019-08-18,"ar","AFG",2,"1"
"709",2019-08-18,"ar","ARE",8,"1"
"710",2019-08-18,"ar","BGD",1,"1"
"711",2019-08-18,"ar","BRA",1,"1"
"712",2019-08-18,"ar","CYP",1,"1"
"713",2019-08-18,"ar","DNK",1,"1"
"714",2019-08-18,"ar","EGY",33,"1"
"715",2019-08-18,"ar","ESP",2,"1"
"716",2019-08-18,"ar","FIN",1,"1"
"717",2019-08-18,"ar","FRA",2,"1"
"718",2019-08-18,"ar","GBR",16,"1"
"719",2019-08-18,"ar","IRN",2,"1"
"720",2019-08-18,"ar","IRQ",6,"1"
"721",2019-08-18,"ar","ISR",1,"1"
"722",2019-08-18,"ar","ITA",1,"1"
"723",2019-08-18,"ar","KWT",8,"1"
"724",2019-08-18,"ar","LBN",4,"1"
"725",2019-08-18,"ar","LBY",5,"1"
"726",2019-08-18,"ar","MAR",2,"1"
"727",2019-08-18,"ar","OMN",5,"1"
"728",2019-08-18,"ar","PSE",20,"1"
"729",2019-08-18,"ar","QAT",2,"1"
"730",2019-08-18,"ar","SAU",18,"1"
"731",2019-08-18,"ar","SDN",2,"1"
"732",2019-08-18,"ar","SYR",39,"1"
"733",2019-08-18,"ar","TCD",1,"1"
"734",2019-08-18,"ar","TUR",7,"1"
"735",2019-08-18,"ar","UKR",1,"1"
"736",2019-08-18,"ar","USA",10,"1"
"737",2019-08-18,"ar","YEM",33,"1"
"739",2019-08-18,"en","AFG",8,"1"
"740",2019-08-18,"en","ARE",2,"1"
"741",2019-08-18,"en","ARG",1,"1"
"742",2019-08-18,"en","AUS",3,"1"
"743",2019-08-18,"en","BEL",6,"1"
"744",2019-08-18,"en","BHR",1,"1"
"745",2019-08-18,"en","BHS",4,"1"
"746",2019-08-18,"en","BMU",1,"1"
"747",2019-08-18,"en","BRA",10,"1"
"748",2019-08-18,"en","BWA",3,"1"
"749",2019-08-18,"en","CAN",24,"1"
"750",2019-08-18,"en","CHE",5,"1"
"751",2019-08-18,"en","CHL",2,"1"
"752",2019-08-18,"en","CHN",2,"1"
"753",2019-08-18,"en","CMR",10,"1"
"754",2019-08-18,"en","COL",4,"1"
"755",2019-08-18,"en","CRI",1,"1"
"756",2019-08-18,"en","CYM",1,"1"
"757",2019-08-18,"en","CYP",2,"1"
"758",2019-08-18,"en","DEU",22,"1"
"759",2019-08-18,"en","DJI",1,"1"
"760",2019-08-18,"en","DNK",6,"1"
"761",2019-08-18,"en","DZA",1,"1"
"762",2019-08-18,"en","ECU",1,"1"
"763",2019-08-18,"en","ESP",8,"1"
"764",2019-08-18,"en","EST",2,"1"
"765",2019-08-18,"en","ETH",6,"1"
"766",2019-08-18,"en","FIN",29,"1"
"767",2019-08-18,"en","FJI",5,"1"
"768",2019-08-18,"en","FRA",15,"1"
"769",2019-08-18,"en","GBR",56,"1"
"770",2019-08-18,"en","GHA",24,"1"
"771",2019-08-18,"en","GRC",6,"1"
"772",2019-08-18,"en","GRL",1,"1"
"773",2019-08-18,"en","HKG",8,"1"
"774",2019-08-18,"en","HND",1,"1"
"775",2019-08-18,"en","HTI",2,"1"
"776",2019-08-18,"en","HUN",3,"1"
"777",2019-08-18,"en","IDN",15,"1"
"778",2019-08-18,"en","IND",42,"1"
"779",2019-08-18,"en","IRN",7,"1"
"780",2019-08-18,"en","IRQ",9,"1"
"781",2019-08-18,"en","ISR",1,"1"
"782",2019-08-18,"en","ITA",6,"1"
"783",2019-08-18,"en","JAM",10,"1"
"784",2019-08-18,"en","JOR",1,"1"
"785",2019-08-18,"en","JPN",9,"1"
"786",2019-08-18,"en","KAZ",1,"1"
"787",2019-08-18,"en","KEN",29,"1"
"788",2019-08-18,"en","KHM",3,"1"
"789",2019-08-18,"en","KOR",1,"1"
"790",2019-08-18,"en","LAO",2,"1"
"791",2019-08-18,"en","LBN",2,"1"
"792",2019-08-18,"en","LBY",4,"1"
"793",2019-08-18,"en","LKA",2,"1"
"794",2019-08-18,"en","LSO",1,"1"
"795",2019-08-18,"en","LUX",7,"1"
"796",2019-08-18,"en","MAR",1,"1"
"797",2019-08-18,"en","MDG",2,"1"
"798",2019-08-18,"en","MEX",5,"1"
"799",2019-08-18,"en","MKD",1,"1"
"800",2019-08-18,"en","MLI",11,"1"
"801",2019-08-18,"en","MLT",2,"1"
"802",2019-08-18,"en","MMR",4,"1"
"803",2019-08-18,"en","MNG",1,"1"
"804",2019-08-18,"en","MSR",1,"1"
"805",2019-08-18,"en","MWI",1,"1"
"806",2019-08-18,"en","MYS",1,"1"
"807",2019-08-18,"en","NAM",6,"1"
"808",2019-08-18,"en","NGA",18,"1"
"809",2019-08-18,"en","NLD",3,"1"
"810",2019-08-18,"en","NOR",4,"1"
"811",2019-08-18,"en","NPL",1,"1"
"812",2019-08-18,"en","NZL",2,"1"
"813",2019-08-18,"en","OMN",2,"1"
"814",2019-08-18,"en","PAK",18,"1"
"815",2019-08-18,"en","PHL",25,"1"
"816",2019-08-18,"en","POL",1,"1"
"817",2019-08-18,"en","PRI",1,"1"
"818",2019-08-18,"en","PRK",1,"1"
"819",2019-08-18,"en","PRT",6,"1"
"820",2019-08-18,"en","PRY",2,"1"
"821",2019-08-18,"en","PYF",1,"1"
"822",2019-08-18,"en","QAT",11,"1"
"823",2019-08-18,"en","ROU",1,"1"
"824",2019-08-18,"en","RUS",1,"1"
"825",2019-08-18,"en","RWA",2,"1"
"826",2019-08-18,"en","SAU",3,"1"
"827",2019-08-18,"en","SEN",5,"1"
"828",2019-08-18,"en","SLE",1,"1"
"829",2019-08-18,"en","SOM",12,"1"
"830",2019-08-18,"en","SRB",1,"1"
"831",2019-08-18,"en","SVN",2,"1"
"832",2019-08-18,"en","SWE",7,"1"
"833",2019-08-18,"en","SYR",4,"1"
"834",2019-08-18,"en","TCD",1,"1"
"835",2019-08-18,"en","THA",3,"1"
"836",2019-08-18,"en","TUR",5,"1"
"837",2019-08-18,"en","UGA",14,"1"
"838",2019-08-18,"en","UKR",3,"1"
"839",2019-08-18,"en","USA",6955,"1"
"840",2019-08-18,"en","VEN",8,"1"
"841",2019-08-18,"en","VIR",1,"1"
"842",2019-08-18,"en","YEM",1,"1"
"843",2019-08-18,"en","ZAF",9,"1"
"844",2019-08-18,"en","ZMB",3,"1"
"845",2019-08-18,"en","ZWE",6,"1"
"847",2019-08-18,"fr","BEL",1,"1"
"848",2019-08-18,"fr","BEN",1,"1"
"849",2019-08-18,"fr","FRA",12,"1"
"850",2019-08-18,"fr","ISR",1,"1"
"851",2019-08-18,"fr","MAR",1,"1"
"852",2019-08-18,"fr","SVN",1,"1"
"854",2019-08-25,"ar","ARE",3,"1"
"855",2019-08-25,"ar","AUS",1,"1"
"856",2019-08-25,"ar","CHE",1,"1"
"857",2019-08-25,"ar","DEU",2,"1"
"858",2019-08-25,"ar","EGY",21,"1"
"859",2019-08-25,"ar","ESP",1,"1"
"860",2019-08-25,"ar","FIN",1,"1"
"861",2019-08-25,"ar","GBR",10,"1"
"862",2019-08-25,"ar","IRN",2,"1"
"863",2019-08-25,"ar","IRQ",3,"1"
"864",2019-08-25,"ar","ISR",2,"1"
"865",2019-08-25,"ar","KWT",3,"1"
"866",2019-08-25,"ar","LBN",8,"1"
"867",2019-08-25,"ar","LBY",3,"1"
"868",2019-08-25,"ar","MYS",1,"1"
"869",2019-08-25,"ar","NLD",1,"1"
"870",2019-08-25,"ar","OMN",5,"1"
"871",2019-08-25,"ar","PSE",4,"1"
"872",2019-08-25,"ar","SAU",12,"1"
"873",2019-08-25,"ar","SYR",31,"1"
"874",2019-08-25,"ar","TUR",3,"1"
"875",2019-08-25,"ar","UKR",1,"1"
"876",2019-08-25,"ar","USA",5,"1"
"877",2019-08-25,"ar","YEM",45,"1"
"879",2019-08-25,"en","AFG",10,"1"
"880",2019-08-25,"en","ALB",1,"1"
"881",2019-08-25,"en","ARE",7,"1"
"882",2019-08-25,"en","ARG",2,"1"
"883",2019-08-25,"en","AUS",8,"1"
"884",2019-08-25,"en","AUT",3,"1"
"885",2019-08-25,"en","BDI",1,"1"
"886",2019-08-25,"en","BEL",5,"1"
"887",2019-08-25,"en","BHS",2,"1"
"888",2019-08-25,"en","BMU",1,"1"
"889",2019-08-25,"en","BOL",1,"1"
"890",2019-08-25,"en","BRA",13,"1"
"891",2019-08-25,"en","BRB",1,"1"
"892",2019-08-25,"en","BRN",1,"1"
"893",2019-08-25,"en","BWA",2,"1"
"894",2019-08-25,"en","CAF",1,"1"
"895",2019-08-25,"en","CAN",31,"1"
"896",2019-08-25,"en","CHE",3,"1"
"897",2019-08-25,"en","CHL",2,"1"
"898",2019-08-25,"en","CHN",5,"1"
"899",2019-08-25,"en","CMR",24,"1"
"900",2019-08-25,"en","COD",1,"1"
"901",2019-08-25,"en","CUB",1,"1"
"902",2019-08-25,"en","CYP",1,"1"
"903",2019-08-25,"en","CZE",1,"1"
"904",2019-08-25,"en","DEU",25,"1"
"905",2019-08-25,"en","DMA",1,"1"
"906",2019-08-25,"en","DNK",14,"1"
"907",2019-08-25,"en","ECU",1,"1"
"908",2019-08-25,"en","ESP",11,"1"
"909",2019-08-25,"en","ETH",6,"1"
"910",2019-08-25,"en","FIN",28,"1"
"911",2019-08-25,"en","FJI",2,"1"
"912",2019-08-25,"en","FRA",28,"1"
"913",2019-08-25,"en","GBR",76,"1"
"914",2019-08-25,"en","GGY",2,"1"
"915",2019-08-25,"en","GHA",12,"1"
"916",2019-08-25,"en","GMB",1,"1"
"917",2019-08-25,"en","GRC",2,"1"
"918",2019-08-25,"en","GTM",2,"1"
"919",2019-08-25,"en","GUY",1,"1"
"920",2019-08-25,"en","HKG",5,"1"
"921",2019-08-25,"en","HRV",1,"1"
"922",2019-08-25,"en","HUN",1,"1"
"923",2019-08-25,"en","IDN",34,"1"
"924",2019-08-25,"en","IMN",1,"1"
"925",2019-08-25,"en","IND",84,"1"
"926",2019-08-25,"en","IRL",7,"1"
"927",2019-08-25,"en","IRN",17,"1"
"928",2019-08-25,"en","IRQ",4,"1"
"929",2019-08-25,"en","ITA",7,"1"
"930",2019-08-25,"en","JAM",2,"1"
"931",2019-08-25,"en","JOR",1,"1"
"932",2019-08-25,"en","JPN",24,"1"
"933",2019-08-25,"en","KAZ",2,"1"
"934",2019-08-25,"en","KEN",10,"1"
"935",2019-08-25,"en","KHM",1,"1"
"936",2019-08-25,"en","KOR",3,"1"
"937",2019-08-25,"en","LBY",2,"1"
"938",2019-08-25,"en","LKA",1,"1"
"939",2019-08-25,"en","LSO",1,"1"
"940",2019-08-25,"en","LUX",4,"1"
"941",2019-08-25,"en","LVA",3,"1"
"942",2019-08-25,"en","MAR",4,"1"
"943",2019-08-25,"en","MEX",12,"1"
"944",2019-08-25,"en","MLI",2,"1"
"945",2019-08-25,"en","MLT",2,"1"
"946",2019-08-25,"en","MMR",7,"1"
"947",2019-08-25,"en","MNG",2,"1"
"948",2019-08-25,"en","MSR",3,"1"
"949",2019-08-25,"en","MYS",7,"1"
"950",2019-08-25,"en","NAM",2,"1"
"951",2019-08-25,"en","NGA",17,"1"
"952",2019-08-25,"en","NLD",7,"1"
"953",2019-08-25,"en","NOR",9,"1"
"954",2019-08-25,"en","NPL",15,"1"
"955",2019-08-25,"en","NZL",2,"1"
"956",2019-08-25,"en","OMN",3,"1"
"957",2019-08-25,"en","PAK",11,"1"
"958",2019-08-25,"en","PER",1,"1"
"959",2019-08-25,"en","PHL",21,"1"
"960",2019-08-25,"en","PLW",1,"1"
"961",2019-08-25,"en","POL",5,"1"
"962",2019-08-25,"en","PRI",1,"1"
"963",2019-08-25,"en","PRT",3,"1"
"964",2019-08-25,"en","PSE",5,"1"
"965",2019-08-25,"en","PYF",1,"1"
"966",2019-08-25,"en","QAT",4,"1"
"967",2019-08-25,"en","REU",1,"1"
"968",2019-08-25,"en","RUS",1,"1"
"969",2019-08-25,"en","RWA",2,"1"
"970",2019-08-25,"en","SAU",2,"1"
"971",2019-08-25,"en","SDN",1,"1"
"972",2019-08-25,"en","SEN",4,"1"
"973",2019-08-25,"en","SOM",10,"1"
"974",2019-08-25,"en","SVN",2,"1"
"975",2019-08-25,"en","SWE",14,"1"
"976",2019-08-25,"en","SWZ",4,"1"
"977",2019-08-25,"en","SYR",1,"1"
"978",2019-08-25,"en","TCD",2,"1"
"979",2019-08-25,"en","THA",1,"1"
"980",2019-08-25,"en","TUN",1,"1"
"981",2019-08-25,"en","TUR",10,"1"
"982",2019-08-25,"en","TWN",4,"1"
"983",2019-08-25,"en","UGA",8,"1"
"984",2019-08-25,"en","UKR",5,"1"
"985",2019-08-25,"en","USA",9930,"1"
"986",2019-08-25,"en","VEN",4,"1"
"987",2019-08-25,"en","ZAF",20,"1"
"988",2019-08-25,"en","ZMB",3,"1"
"989",2019-08-25,"en","ZWE",16,"1"
"991",2019-08-25,"fr","BEL",4,"1"
"992",2019-08-25,"fr","CHE",2,"1"
"993",2019-08-25,"fr","CMR",2,"1"
"994",2019-08-25,"fr","COG",1,"1"
"995",2019-08-25,"fr","FRA",16,"1"
"996",2019-08-25,"fr","MEX",1,"1"
"997",2019-08-25,"fr","SEN",1,"1"
"998",2019-08-25,"fr","TUR",1,"1"
"999",2019-08-25,"fr","USA",1,"1"
"1001",2019-09-01,"ar","AFG",1,"1"
"1002",2019-09-01,"ar","ARE",9,"1"
"1003",2019-09-01,"ar","AUS",1,"1"
"1004",2019-09-01,"ar","AUT",1,"1"
"1005",2019-09-01,"ar","AZE",2,"1"
"1006",2019-09-01,"ar","BEL",1,"1"
"1007",2019-09-01,"ar","BGD",1,"1"
"1008",2019-09-01,"ar","BRA",2,"1"
"1009",2019-09-01,"ar","CAN",1,"1"
"1010",2019-09-01,"ar","CHE",2,"1"
"1011",2019-09-01,"ar","CHN",1,"1"
"1012",2019-09-01,"ar","DEU",2,"1"
"1013",2019-09-01,"ar","EGY",62,"1"
"1014",2019-09-01,"ar","FIN",1,"1"
"1015",2019-09-01,"ar","GBR",14,"1"
"1016",2019-09-01,"ar","IRQ",7,"1"
"1017",2019-09-01,"ar","JOR",1,"1"
"1018",2019-09-01,"ar","KWT",13,"1"
"1019",2019-09-01,"ar","LBN",42,"1"
"1020",2019-09-01,"ar","LBY",2,"1"
"1021",2019-09-01,"ar","MAR",2,"1"
"1022",2019-09-01,"ar","MRT",1,"1"
"1023",2019-09-01,"ar","NLD",1,"1"
"1024",2019-09-01,"ar","NOR",1,"1"
"1025",2019-09-01,"ar","NPL",1,"1"
"1026",2019-09-01,"ar","OMN",6,"1"
"1027",2019-09-01,"ar","PSE",5,"1"
"1028",2019-09-01,"ar","QAT",1,"1"
"1029",2019-09-01,"ar","RUS",3,"1"
"1030",2019-09-01,"ar","SAU",18,"1"
"1031",2019-09-01,"ar","SDN",2,"1"
"1032",2019-09-01,"ar","SWE",1,"1"
"1033",2019-09-01,"ar","SYR",38,"1"
"1034",2019-09-01,"ar","TUN",1,"1"
"1035",2019-09-01,"ar","TUR",11,"1"
"1036",2019-09-01,"ar","USA",10,"1"
"1037",2019-09-01,"ar","YEM",130,"1"
"1039",2019-09-01,"en","AFG",8,"1"
"1040",2019-09-01,"en","ALB",2,"1"
"1041",2019-09-01,"en","ARE",2,"1"
"1042",2019-09-01,"en","ARG",1,"1"
"1043",2019-09-01,"en","ARM",1,"1"
"1044",2019-09-01,"en","ATA",2,"1"
"1045",2019-09-01,"en","AUS",6,"1"
"1046",2019-09-01,"en","AUT",3,"1"
"1047",2019-09-01,"en","BEL",11,"1"
"1048",2019-09-01,"en","BHR",2,"1"
"1049",2019-09-01,"en","BHS",4,"1"
"1050",2019-09-01,"en","BLR",2,"1"
"1051",2019-09-01,"en","BMU",1,"1"
"1052",2019-09-01,"en","BRA",27,"1"
"1053",2019-09-01,"en","BTN",1,"1"
"1054",2019-09-01,"en","BWA",2,"1"
"1055",2019-09-01,"en","CAN",37,"1"
"1056",2019-09-01,"en","CHE",11,"1"
"1057",2019-09-01,"en","CHL",3,"1"
"1058",2019-09-01,"en","CHN",19,"1"
"1059",2019-09-01,"en","CMR",7,"1"
"1060",2019-09-01,"en","COD",1,"1"
"1061",2019-09-01,"en","COG",1,"1"
"1062",2019-09-01,"en","COL",4,"1"
"1063",2019-09-01,"en","CPV",1,"1"
"1064",2019-09-01,"en","CZE",2,"1"
"1065",2019-09-01,"en","DEU",22,"1"
"1066",2019-09-01,"en","DNK",4,"1"
"1067",2019-09-01,"en","DZA",1,"1"
"1068",2019-09-01,"en","EGY",5,"1"
"1069",2019-09-01,"en","ESP",11,"1"
"1070",2019-09-01,"en","EST",1,"1"
"1071",2019-09-01,"en","ETH",8,"1"
"1072",2019-09-01,"en","FIN",19,"1"
"1073",2019-09-01,"en","FJI",2,"1"
"1074",2019-09-01,"en","FRA",18,"1"
"1075",2019-09-01,"en","GBR",66,"1"
"1076",2019-09-01,"en","GEO",1,"1"
"1077",2019-09-01,"en","GHA",8,"1"
"1078",2019-09-01,"en","GNB",1,"1"
"1079",2019-09-01,"en","GRC",5,"1"
"1080",2019-09-01,"en","HKG",7,"1"
"1081",2019-09-01,"en","HUN",1,"1"
"1082",2019-09-01,"en","IDN",16,"1"
"1083",2019-09-01,"en","IND",52,"1"
"1084",2019-09-01,"en","IRL",5,"1"
"1085",2019-09-01,"en","IRN",6,"1"
"1086",2019-09-01,"en","IRQ",1,"1"
"1087",2019-09-01,"en","ISL",2,"1"
"1088",2019-09-01,"en","ISR",1,"1"
"1089",2019-09-01,"en","ITA",2,"1"
"1090",2019-09-01,"en","JPN",8,"1"
"1091",2019-09-01,"en","KAZ",3,"1"
"1092",2019-09-01,"en","KEN",6,"1"
"1093",2019-09-01,"en","KHM",5,"1"
"1094",2019-09-01,"en","KOR",4,"1"
"1095",2019-09-01,"en","KWT",1,"1"
"1096",2019-09-01,"en","LBN",4,"1"
"1097",2019-09-01,"en","LBY",1,"1"
"1098",2019-09-01,"en","LIE",2,"1"
"1099",2019-09-01,"en","MAR",2,"1"
"1100",2019-09-01,"en","MDG",2,"1"
"1101",2019-09-01,"en","MDV",2,"1"
"1102",2019-09-01,"en","MEX",4,"1"
"1103",2019-09-01,"en","MLT",2,"1"
"1104",2019-09-01,"en","MNG",2,"1"
"1105",2019-09-01,"en","MYS",1,"1"
"1106",2019-09-01,"en","NAM",12,"1"
"1107",2019-09-01,"en","NGA",25,"1"
"1108",2019-09-01,"en","NLD",10,"1"
"1109",2019-09-01,"en","NOR",9,"1"
"1110",2019-09-01,"en","NPL",6,"1"
"1111",2019-09-01,"en","NZL",4,"1"
"1112",2019-09-01,"en","OMN",2,"1"
"1113",2019-09-01,"en","PAK",9,"1"
"1114",2019-09-01,"en","PAN",1,"1"
"1115",2019-09-01,"en","PER",1,"1"
"1116",2019-09-01,"en","PHL",6,"1"
"1117",2019-09-01,"en","POL",5,"1"
"1118",2019-09-01,"en","PRT",8,"1"
"1119",2019-09-01,"en","QAT",4,"1"
"1120",2019-09-01,"en","ROU",2,"1"
"1121",2019-09-01,"en","RUS",5,"1"
"1122",2019-09-01,"en","RWA",1,"1"
"1123",2019-09-01,"en","SAU",9,"1"
"1124",2019-09-01,"en","SEN",2,"1"
"1125",2019-09-01,"en","SGP",1,"1"
"1126",2019-09-01,"en","SOM",7,"1"
"1127",2019-09-01,"en","SSD",1,"1"
"1128",2019-09-01,"en","SVN",1,"1"
"1129",2019-09-01,"en","SWE",8,"1"
"1130",2019-09-01,"en","SYR",9,"1"
"1131",2019-09-01,"en","THA",3,"1"
"1132",2019-09-01,"en","TUR",4,"1"
"1133",2019-09-01,"en","TWN",4,"1"
"1134",2019-09-01,"en","TZA",1,"1"
"1135",2019-09-01,"en","UGA",1,"1"
"1136",2019-09-01,"en","UKR",3,"1"
"1137",2019-09-01,"en","USA",8411,"1"
"1138",2019-09-01,"en","VAT",1,"1"
"1139",2019-09-01,"en","VEN",5,"1"
"1140",2019-09-01,"en","VNM",1,"1"
"1141",2019-09-01,"en","VUT",1,"1"
"1142",2019-09-01,"en","YEM",39,"1"
"1143",2019-09-01,"en","ZAF",37,"1"
"1144",2019-09-01,"en","ZWE",29,"1"
"1146",2019-09-01,"fr","BEN",1,"1"
"1147",2019-09-01,"fr","BFA",1,"1"
"1148",2019-09-01,"fr","CMR",2,"1"
"1149",2019-09-01,"fr","COD",1,"1"
"1150",2019-09-01,"fr","COG",1,"1"
"1151",2019-09-01,"fr","FIN",1,"1"
"1152",2019-09-01,"fr","FRA",9,"1"
"1153",2019-09-01,"fr","GBR",1,"1"
"1154",2019-09-01,"fr","GUF",1,"1"
"1155",2019-09-01,"fr","ISR",1,"1"
"1156",2019-09-01,"fr","KHM",1,"1"
"1157",2019-09-01,"fr","MAR",1,"1"
"1158",2019-09-01,"fr","SEN",2,"1"
"1159",2019-09-01,"fr","USA",3,"1"
"1161",2019-09-08,"ar","EGY",2,"1"
"1162",2019-09-08,"ar","GBR",1,"1"
"1163",2019-09-08,"ar","JOR",2,"1"
"1164",2019-09-08,"ar","KWT",4,"1"
"1165",2019-09-08,"ar","PSE",1,"1"
"1166",2019-09-08,"ar","SAU",1,"1"
"1167",2019-09-08,"ar","SYR",5,"1"
"1168",2019-09-08,"ar","TUR",1,"1"
"1169",2019-09-08,"ar","USA",2,"1"
"1170",2019-09-08,"ar","YEM",10,"1"
"1172",2019-09-08,"en","AFG",8,"1"
"1173",2019-09-08,"en","AGO",1,"1"
"1174",2019-09-08,"en","ATA",1,"1"
"1175",2019-09-08,"en","AUS",3,"1"
"1176",2019-09-08,"en","AUT",1,"1"
"1177",2019-09-08,"en","BHR",1,"1"
"1178",2019-09-08,"en","BOL",1,"1"
"1179",2019-09-08,"en","BRA",4,"1"
"1180",2019-09-08,"en","BWA",2,"1"
"1181",2019-09-08,"en","CAN",12,"1"
"1182",2019-09-08,"en","CHE",9,"1"
"1183",2019-09-08,"en","CHN",5,"1"
"1184",2019-09-08,"en","CMR",4,"1"
"1185",2019-09-08,"en","COG",1,"1"
"1186",2019-09-08,"en","COL",1,"1"
"1187",2019-09-08,"en","CYM",2,"1"
"1188",2019-09-08,"en","CYP",1,"1"
"1189",2019-09-08,"en","CZE",1,"1"
"1190",2019-09-08,"en","DEU",11,"1"
"1191",2019-09-08,"en","DNK",3,"1"
"1192",2019-09-08,"en","ESP",1,"1"
"1193",2019-09-08,"en","ETH",2,"1"
"1194",2019-09-08,"en","FIN",8,"1"
"1195",2019-09-08,"en","FRA",5,"1"
"1196",2019-09-08,"en","GBR",28,"1"
"1197",2019-09-08,"en","GRC",2,"1"
"1198",2019-09-08,"en","HKG",6,"1"
"1199",2019-09-08,"en","HND",1,"1"
"1200",2019-09-08,"en","HUN",2,"1"
"1201",2019-09-08,"en","IDN",13,"1"
"1202",2019-09-08,"en","IND",26,"1"
"1203",2019-09-08,"en","IRL",2,"1"
"1204",2019-09-08,"en","IRN",4,"1"
"1205",2019-09-08,"en","ISL",1,"1"
"1206",2019-09-08,"en","ITA",6,"1"
"1207",2019-09-08,"en","JPN",1,"1"
"1208",2019-09-08,"en","KEN",2,"1"
"1209",2019-09-08,"en","KHM",1,"1"
"1210",2019-09-08,"en","LBY",1,"1"
"1211",2019-09-08,"en","LKA",1,"1"
"1212",2019-09-08,"en","LUX",1,"1"
"1213",2019-09-08,"en","MAR",1,"1"
"1214",2019-09-08,"en","MDG",1,"1"
"1215",2019-09-08,"en","MDV",1,"1"
"1216",2019-09-08,"en","MEX",3,"1"
"1217",2019-09-08,"en","MKD",1,"1"
"1218",2019-09-08,"en","MLI",1,"1"
"1219",2019-09-08,"en","MLT",1,"1"
"1220",2019-09-08,"en","MMR",1,"1"
"1221",2019-09-08,"en","MWI",1,"1"
"1222",2019-09-08,"en","MYS",1,"1"
"1223",2019-09-08,"en","NGA",11,"1"
"1224",2019-09-08,"en","NLD",1,"1"
"1225",2019-09-08,"en","NPL",6,"1"
"1226",2019-09-08,"en","PAK",13,"1"
"1227",2019-09-08,"en","PAN",1,"1"
"1228",2019-09-08,"en","PHL",7,"1"
"1229",2019-09-08,"en","PRT",3,"1"
"1230",2019-09-08,"en","RUS",1,"1"
"1231",2019-09-08,"en","RWA",1,"1"
"1232",2019-09-08,"en","SAU",1,"1"
"1233",2019-09-08,"en","SOM",1,"1"
"1234",2019-09-08,"en","SVN",1,"1"
"1235",2019-09-08,"en","SWE",2,"1"
"1236",2019-09-08,"en","SYR",1,"1"
"1237",2019-09-08,"en","TUR",3,"1"
"1238",2019-09-08,"en","TZA",2,"1"
"1239",2019-09-08,"en","UKR",1,"1"
"1240",2019-09-08,"en","URY",1,"1"
"1241",2019-09-08,"en","USA",3237,"1"
"1242",2019-09-08,"en","VEN",5,"1"
"1243",2019-09-08,"en","VNM",1,"1"
"1244",2019-09-08,"en","WSM",1,"1"
"1245",2019-09-08,"en","ZAF",6,"1"
"1246",2019-09-08,"en","ZWE",13,"1"
"1248",2019-09-08,"fr","CAN",1,"1"
"1249",2019-09-08,"fr","COG",1,"1"
"1250",2019-09-08,"fr","DZA",1,"1"
"1251",2019-09-08,"fr","FRA",6,"1"
"1252",2019-09-08,"fr","ITA",1,"1"
"1253",2019-08-11,"en","HND",2,"1"
"1254",2019-08-11,"en","HRV",2,"1"
"1255",2019-08-11,"en","HTI",8,"1"
"1256",2019-08-11,"en","HUN",5,"1"
"1257",2019-08-11,"en","IDN",5,"1"
"1258",2019-08-11,"en","IMN",1,"1"
"1259",2019-08-11,"en","IND",17,"1"
"1260",2019-08-11,"en","IRL",4,"1"
"1261",2019-08-11,"en","IRN",18,"1"
"1262",2019-08-11,"en","IRQ",16,"1"
"1263",2019-08-11,"en","ISR",6,"1"
"1264",2019-08-11,"en","ITA",43,"1"
"1265",2019-08-11,"en","JAM",2,"1"
"1266",2019-08-11,"en","JEY",1,"1"
"1267",2019-08-11,"en","JPN",52,"1"
"1268",2019-08-11,"en","KAZ",6,"1"
"1269",2019-08-11,"en","KEN",3,"1"
"1270",2019-08-11,"en","KGZ",1,"1"
"1271",2019-08-11,"en","KOR",6,"1"
"1272",2019-08-11,"en","KWT",1,"1"
"1273",2019-08-11,"en","LBN",5,"1"
"1274",2019-08-11,"en","LBR",8,"1"
"1275",2019-08-11,"en","LBY",1,"1"
"1276",2019-08-11,"en","LKA",1,"1"
"1277",2019-08-11,"en","LVA",2,"1"
"1278",2019-08-11,"en","MAC",1,"1"
"1279",2019-08-11,"en","MAR",5,"1"
"1280",2019-08-11,"en","MDG",3,"1"
"1281",2019-08-11,"en","MEX",32,"1"
"1282",2019-08-11,"en","MLI",56,"1"
"1283",2019-08-11,"en","MMR",4,"1"
"1284",2019-08-11,"en","MNG",2,"1"
"1285",2019-08-11,"en","MRT",2,"1"
"1286",2019-08-11,"en","MTQ",2,"1"
"1287",2019-08-11,"en","MYS",6,"1"
"1288",2019-08-11,"en","NAM",1,"1"
"1289",2019-08-11,"en","NCL",1,"1"
"1290",2019-08-11,"en","NGA",17,"1"
"1291",2019-08-11,"en","NLD",16,"1"
"1292",2019-08-11,"en","NOR",10,"1"
"1293",2019-08-11,"en","NPL",11,"1"
"1294",2019-08-11,"en","PAK",14,"1"
"1295",2019-08-11,"en","PAN",8,"1"
"1296",2019-08-11,"en","PHL",24,"1"
"1297",2019-08-11,"en","PNG",3,"1"
"1298",2019-08-11,"en","POL",4,"1"
"1299",2019-08-11,"en","PRI",1,"1"
"1300",2019-08-11,"en","PRK",2,"1"
"1301",2019-08-11,"en","PRT",23,"1"
"1302",2019-08-11,"en","PRY",2,"1"
"1303",2019-08-11,"en","PSE",4,"1"
"1304",2019-08-11,"en","PYF",2,"1"
"1305",2019-08-11,"en","QAT",2,"1"
"1306",2019-08-11,"en","ROU",4,"1"
"1307",2019-08-11,"en","RUS",13,"1"
"1308",2019-08-11,"en","RWA",1,"1"
"1309",2019-08-11,"en","SAU",8,"1"
"1310",2019-08-11,"en","SEN",5,"1"
"1311",2019-08-11,"en","SGP",1,"1"
"1312",2019-08-11,"en","SLE",1,"1"
"1313",2019-08-11,"en","SLV",1,"1"
"1314",2019-08-11,"en","SOM",4,"1"
"1315",2019-08-11,"en","SRB",1,"1"
"1316",2019-08-11,"en","SSD",5,"1"
"1317",2019-08-11,"en","SVN",1,"1"
"1318",2019-08-11,"en","SWE",29,"1"
"1319",2019-08-11,"en","SYR",4,"1"
"1320",2019-08-11,"en","TCD",2,"1"
"1321",2019-08-11,"en","THA",10,"1"
"1322",2019-08-11,"en","TUN",3,"1"
"1323",2019-08-11,"en","TUR",4,"1"
"1324",2019-08-11,"en","TWN",6,"1"
"1325",2019-08-11,"en","TZA",1,"1"
"1326",2019-08-11,"en","UGA",1,"1"
"1327",2019-08-11,"en","UKR",2,"1"
"1328",2019-08-11,"en","URY",5,"1"
"1329",2019-08-11,"en","USA",37199,"1"
"1330",2019-08-11,"en","UZB",1,"1"
"1331",2019-08-11,"en","VEN",2,"1"
"1332",2019-08-11,"en","VIR",1,"1"
"1333",2019-08-11,"en","VNM",2,"1"
"1334",2019-08-11,"en","YEM",5,"1"
"1335",2019-08-11,"en","ZAF",5,"1"
"1336",2019-08-11,"en","ZWE",9,"1"
"1338",2019-08-11,"fr","ALB",1,"1"
"1339",2019-08-11,"fr","BEL",1,"1"
"1340",2019-08-11,"fr","CAN",3,"1"
"1341",2019-08-11,"fr","FRA",34,"1"
"1342",2019-08-11,"fr","GBR",2,"1"
"1343",2019-08-11,"fr","IRQ",1,"1"
"1344",2019-08-11,"fr","MAR",2,"1"
"1345",2019-08-11,"fr","OMN",1,"1"
"1346",2019-08-11,"fr","USA",2,"1"
"1348",2019-08-18,"ar","AFG",5,"1"
"1349",2019-08-18,"ar","ARE",3,"1"
"1350",2019-08-18,"ar","ARG",1,"1"
"1351",2019-08-18,"ar","BGD",1,"1"
"1352",2019-08-18,"ar","BHR",1,"1"
"1353",2019-08-18,"ar","BRA",2,"1"
"1354",2019-08-18,"ar","CAN",1,"1"
"1355",2019-08-18,"ar","CHN",1,"1"
"1356",2019-08-18,"ar","CYP",1,"1"
"1357",2019-08-18,"ar","DEU",2,"1"
"1358",2019-08-18,"ar","DNK",2,"1"
"1359",2019-08-18,"ar","DZA",4,"1"
"1360",2019-08-18,"ar","EGY",16,"1"
"1361",2019-08-18,"ar","ESP",6,"1"
"1362",2019-08-18,"ar","FIN",1,"1"
"1363",2019-08-18,"ar","FRA",5,"1"
"1364",2019-08-18,"ar","GBR",1,"1"
"1365",2019-08-18,"ar","IRN",11,"1"
"1366",2019-08-18,"ar","IRQ",26,"1"
"1367",2019-08-18,"ar","ISR",2,"1"
"1368",2019-08-18,"ar","ITA",2,"1"
"1369",2019-08-18,"ar","JPN",1,"1"
"1370",2019-08-18,"ar","LBN",5,"1"
"1371",2019-08-18,"ar","LBY",3,"1"
"1372",2019-08-18,"ar","MAR",2,"1"
"1373",2019-08-18,"ar","MRT",1,"1"
"1374",2019-08-18,"ar","NLD",1,"1"
"1375",2019-08-18,"ar","NOR",2,"1"
"1376",2019-08-18,"ar","OMN",1,"1"
"1377",2019-08-18,"ar","PAK",4,"1"
"1378",2019-08-18,"ar","PSE",26,"1"
"1379",2019-08-18,"ar","QAT",6,"1"
"1380",2019-08-18,"ar","SAU",8,"1"
"1381",2019-08-18,"ar","SDN",1,"1"
"1382",2019-08-18,"ar","SWE",1,"1"
"1383",2019-08-18,"ar","SYR",16,"1"
"1384",2019-08-18,"ar","TCD",1,"1"
"1385",2019-08-18,"ar","TUN",1,"1"
"1386",2019-08-18,"ar","TUR",13,"1"
"1387",2019-08-18,"ar","UKR",1,"1"
"1388",2019-08-18,"ar","USA",22,"1"
"1389",2019-08-18,"ar","VAT",1,"1"
"1390",2019-08-18,"ar","YEM",959,"1"
"1392",2019-08-18,"en","AFG",8,"1"
"1393",2019-08-18,"en","ALB",5,"1"
"1394",2019-08-18,"en","ARE",6,"1"
"1395",2019-08-18,"en","ARG",2,"1"
"1396",2019-08-18,"en","ARM",1,"1"
"1397",2019-08-18,"en","ATA",4,"1"
"1398",2019-08-18,"en","AUS",7,"1"
"1399",2019-08-18,"en","AUT",4,"1"
"1400",2019-08-18,"en","AZE",3,"1"
"1401",2019-08-18,"en","BEL",8,"1"
"1402",2019-08-18,"en","BEN",1,"1"
"1403",2019-08-18,"en","BFA",2,"1"
"1404",2019-08-18,"en","BGR",1,"1"
"1405",2019-08-18,"en","BHR",1,"1"
"1406",2019-08-18,"en","BHS",1,"1"
"1407",2019-08-18,"en","BIH",3,"1"
"1408",2019-08-18,"en","BOL",1,"1"
"1409",2019-08-18,"en","BRA",24,"1"
"1410",2019-08-18,"en","BTN",1,"1"
"1411",2019-08-18,"en","CAF",4,"1"
"1412",2019-08-18,"en","CAN",21,"1"
"1413",2019-08-18,"en","CHE",8,"1"
"1414",2019-08-18,"en","CHL",2,"1"
"1415",2019-08-18,"en","CHN",10,"1"
"1416",2019-08-18,"en","CMR",33,"1"
"1417",2019-08-18,"en","COD",1,"1"
"1418",2019-08-18,"en","COG",3,"1"
"1419",2019-08-18,"en","COL",2,"1"
"1420",2019-08-18,"en","CRI",1,"1"
"1421",2019-08-18,"en","CUB",1,"1"
"1422",2019-08-18,"en","CYP",3,"1"
"1423",2019-08-18,"en","CZE",7,"1"
"1424",2019-08-18,"en","DEU",26,"1"
"1425",2019-08-18,"en","DJI",2,"1"
"1426",2019-08-18,"en","DZA",3,"1"
"1427",2019-08-18,"en","ECU",12,"1"
"1428",2019-08-18,"en","EGY",2,"1"
"1429",2019-08-18,"en","ESP",17,"1"
"1430",2019-08-18,"en","EST",2,"1"
"1431",2019-08-18,"en","ETH",4,"1"
"1432",2019-08-18,"en","FIN",27,"1"
"1433",2019-08-18,"en","FJI",1,"1"
"1434",2019-08-18,"en","FRA",34,"1"
"1435",2019-08-18,"en","GBR",69,"1"
"1436",2019-08-18,"en","GGY",1,"1"
"1437",2019-08-18,"en","GHA",2,"1"
"1438",2019-08-18,"en","GRC",6,"1"
"1439",2019-08-18,"en","GRD",1,"1"
"1440",2019-08-18,"en","GTM",1,"1"
"1441",2019-08-18,"en","HKG",12,"1"
"1442",2019-08-18,"en","HND",5,"1"
"1443",2019-08-18,"en","HRV",2,"1"
"1444",2019-08-18,"en","HTI",6,"1"
"1445",2019-08-18,"en","HUN",1,"1"
"1446",2019-08-18,"en","IDN",6,"1"
"1447",2019-08-18,"en","IND",76,"1"
"1448",2019-08-18,"en","IRL",1,"1"
"1449",2019-08-18,"en","IRN",32,"1"
"1450",2019-08-18,"en","IRQ",6,"1"
"1451",2019-08-18,"en","ISR",7,"1"
"1452",2019-08-18,"en","ITA",46,"1"
"1453",2019-08-18,"en","JAM",2,"1"
"1454",2019-08-18,"en","JOR",1,"1"
"1455",2019-08-18,"en","JPN",41,"1"
"1456",2019-08-18,"en","KAZ",2,"1"
"1457",2019-08-18,"en","KEN",21,"1"
"1458",2019-08-18,"en","KGZ",2,"1"
"1459",2019-08-18,"en","KHM",4,"1"
"1460",2019-08-18,"en","KOR",7,"1"
"1461",2019-08-18,"en","KWT",3,"1"
"1462",2019-08-18,"en","LAO",4,"1"
"1463",2019-08-18,"en","LBN",8,"1"
"1464",2019-08-18,"en","LBR",1,"1"
"1465",2019-08-18,"en","LBY",4,"1"
"1466",2019-08-18,"en","LKA",1,"1"
"1467",2019-08-18,"en","LSO",2,"1"
"1468",2019-08-18,"en","LTU",3,"1"
"1469",2019-08-18,"en","LUX",11,"1"
"1470",2019-08-18,"en","LVA",2,"1"
"1471",2019-08-18,"en","MAR",3,"1"
"1472",2019-08-18,"en","MDG",1,"1"
"1473",2019-08-18,"en","MEX",18,"1"
"1474",2019-08-18,"en","MKD",2,"1"
"1475",2019-08-18,"en","MLI",48,"1"
"1476",2019-08-18,"en","MLT",2,"1"
"1477",2019-08-18,"en","MMR",11,"1"
"1478",2019-08-18,"en","MNE",1,"1"
"1479",2019-08-18,"en","MNG",3,"1"
"1480",2019-08-18,"en","MNP",1,"1"
"1481",2019-08-18,"en","MSR",1,"1"
"1482",2019-08-18,"en","NAM",14,"1"
"1483",2019-08-18,"en","NGA",17,"1"
"1484",2019-08-18,"en","NIC",2,"1"
"1485",2019-08-18,"en","NIU",1,"1"
"1486",2019-08-18,"en","NLD",9,"1"
"1487",2019-08-18,"en","NOR",3,"1"
"1488",2019-08-18,"en","NPL",6,"1"
"1489",2019-08-18,"en","NRU",1,"1"
"1490",2019-08-18,"en","NZL",5,"1"
"1491",2019-08-18,"en","OMN",3,"1"
"1492",2019-08-18,"en","PAK",100,"1"
"1493",2019-08-18,"en","PAN",1,"1"
"1494",2019-08-18,"en","PHL",114,"1"
"1495",2019-08-18,"en","POL",1,"1"
"1496",2019-08-18,"en","PRI",2,"1"
"1497",2019-08-18,"en","PRK",2,"1"
"1498",2019-08-18,"en","PRT",14,"1"
"1499",2019-08-18,"en","PRY",3,"1"
"1500",2019-08-18,"en","PSE",2,"1"
"1501",2019-08-18,"en","PYF",1,"1"
"1502",2019-08-18,"en","QAT",4,"1"
"1503",2019-08-18,"en","ROU",1,"1"
"1504",2019-08-18,"en","RUS",1,"1"
"1505",2019-08-18,"en","RWA",1,"1"
"1506",2019-08-18,"en","SAU",7,"1"
"1507",2019-08-18,"en","SDN",1,"1"
"1508",2019-08-18,"en","SEN",18,"1"
"1509",2019-08-18,"en","SLB",1,"1"
"1510",2019-08-18,"en","SOM",37,"1"
"1511",2019-08-18,"en","SRB",2,"1"
"1512",2019-08-18,"en","SVK",2,"1"
"1513",2019-08-18,"en","SVN",3,"1"
"1514",2019-08-18,"en","SWE",24,"1"
"1515",2019-08-18,"en","SYR",11,"1"
"1516",2019-08-18,"en","TCD",3,"1"
"1517",2019-08-18,"en","THA",6,"1"
"1518",2019-08-18,"en","TKM",1,"1"
"1519",2019-08-18,"en","TLS",1,"1"
"1520",2019-08-18,"en","TUN",2,"1"
"1521",2019-08-18,"en","TUR",6,"1"
"1522",2019-08-18,"en","TWN",5,"1"
"1523",2019-08-18,"en","TZA",2,"1"
"1524",2019-08-18,"en","UGA",3,"1"
"1525",2019-08-18,"en","UKR",5,"1"
"1526",2019-08-18,"en","URY",1,"1"
"1527",2019-08-18,"en","USA",32007,"1"
"1528",2019-08-18,"en","VEN",3,"1"
"1529",2019-08-18,"en","VIR",1,"1"
"1530",2019-08-18,"en","VNM",1,"1"
"1531",2019-08-18,"en","YEM",5,"1"
"1532",2019-08-18,"en","ZAF",33,"1"
"1533",2019-08-18,"en","ZMB",5,"1"
"1534",2019-08-18,"en","ZWE",11,"1"
"1536",2019-08-18,"fr","BEL",6,"1"
"1537",2019-08-18,"fr","BEN",1,"1"
"1538",2019-08-18,"fr","BHR",1,"1"
"1539",2019-08-18,"fr","CHE",2,"1"
"1540",2019-08-18,"fr","COD",4,"1"
"1541",2019-08-18,"fr","DEU",1,"1"
"1542",2019-08-18,"fr","ESP",1,"1"
"1543",2019-08-18,"fr","FIN",4,"1"
"1544",2019-08-18,"fr","FRA",70,"1"
"1545",2019-08-18,"fr","GBR",3,"1"
"1546",2019-08-18,"fr","GLP",1,"1"
"1547",2019-08-18,"fr","GRC",1,"1"
"1548",2019-08-18,"fr","ISR",1,"1"
"1549",2019-08-18,"fr","ITA",2,"1"
"1550",2019-08-18,"fr","JPN",1,"1"
"1551",2019-08-18,"fr","KOR",1,"1"
"1552",2019-08-18,"fr","MAR",1,"1"
"1553",2019-08-18,"fr","SSD",1,"1"
"1554",2019-08-18,"fr","SVN",1,"1"
"1555",2019-08-18,"fr","TCD",1,"1"
"1556",2019-08-18,"fr","TGO",1,"1"
"1557",2019-08-18,"fr","USA",4,"1"
"1559",2019-08-25,"ar","AFG",3,"1"
"1560",2019-08-25,"ar","ARE",5,"1"
"1561",2019-08-25,"ar","ARG",1,"1"
"1562",2019-08-25,"ar","AUT",1,"1"
"1563",2019-08-25,"ar","BEL",1,"1"
"1564",2019-08-25,"ar","BGD",1,"1"
"1565",2019-08-25,"ar","BHR",2,"1"
"1566",2019-08-25,"ar","BIH",1,"1"
"1567",2019-08-25,"ar","CHN",1,"1"
"1568",2019-08-25,"ar","COL",1,"1"
"1569",2019-08-25,"ar","COM",1,"1"
"1570",2019-08-25,"ar","CZE",1,"1"
"1571",2019-08-25,"ar","DEU",5,"1"
"1572",2019-08-25,"ar","DZA",1,"1"
"1573",2019-08-25,"ar","EGY",9,"1"
"1574",2019-08-25,"ar","ESP",5,"1"
"1575",2019-08-25,"ar","ETH",1,"1"
"1576",2019-08-25,"ar","FIN",4,"1"
"1577",2019-08-25,"ar","FRA",6,"1"
"1578",2019-08-25,"ar","GBR",2,"1"
"1579",2019-08-25,"ar","IDN",1,"1"
"1580",2019-08-25,"ar","IND",1,"1"
"1581",2019-08-25,"ar","IRN",10,"1"
"1582",2019-08-25,"ar","IRQ",11,"1"
"1583",2019-08-25,"ar","ISR",1,"1"
"1584",2019-08-25,"ar","ITA",1,"1"
"1585",2019-08-25,"ar","JPN",2,"1"
"1586",2019-08-25,"ar","KEN",1,"1"
"1587",2019-08-25,"ar","KOR",1,"1"
"1588",2019-08-25,"ar","KWT",1,"1"
"1589",2019-08-25,"ar","LBN",25,"1"
"1590",2019-08-25,"ar","MAR",3,"1"
"1591",2019-08-25,"ar","MYS",1,"1"
"1592",2019-08-25,"ar","NER",1,"1"
"1593",2019-08-25,"ar","NLD",2,"1"
"1594",2019-08-25,"ar","OMN",4,"1"
"1595",2019-08-25,"ar","PHL",1,"1"
"1596",2019-08-25,"ar","PSE",5,"1"
"1597",2019-08-25,"ar","QAT",4,"1"
"1598",2019-08-25,"ar","SAU",10,"1"
"1599",2019-08-25,"ar","SDN",1,"1"
"1600",2019-08-25,"ar","SWE",1,"1"
"1601",2019-08-25,"ar","SYR",11,"1"
"1602",2019-08-25,"ar","TCD",1,"1"
"1603",2019-08-25,"ar","TUN",4,"1"
"1604",2019-08-25,"ar","TUR",3,"1"
"1605",2019-08-25,"ar","UKR",1,"1"
"1606",2019-08-25,"ar","URY",1,"1"
"1607",2019-08-25,"ar","USA",28,"1"
"1608",2019-08-25,"ar","YEM",889,"1"
"1610",2019-08-25,"en","ABW",2,"1"
"1611",2019-08-25,"en","AFG",25,"1"
"1612",2019-08-25,"en","AGO",3,"1"
"1613",2019-08-25,"en","ALB",8,"1"
"1614",2019-08-25,"en","AND",3,"1"
"1615",2019-08-25,"en","ARE",18,"1"
"1616",2019-08-25,"en","ARG",5,"1"
"1617",2019-08-25,"en","ARM",1,"1"
"1618",2019-08-25,"en","ATA",2,"1"
"1619",2019-08-25,"en","ATG",1,"1"
"1620",2019-08-25,"en","AUS",19,"1"
"1621",2019-08-25,"en","AUT",6,"1"
"1622",2019-08-25,"en","AZE",3,"1"
"1623",2019-08-25,"en","BEL",13,"1"
"1624",2019-08-25,"en","BFA",5,"1"
"1625",2019-08-25,"en","BGD",2,"1"
"1626",2019-08-25,"en","BGR",1,"1"
"1627",2019-08-25,"en","BHR",3,"1"
"1628",2019-08-25,"en","BHS",1,"1"
"1629",2019-08-25,"en","BIH",1,"1"
"1630",2019-08-25,"en","BOL",3,"1"
"1631",2019-08-25,"en","BRA",23,"1"
"1632",2019-08-25,"en","BRB",1,"1"
"1633",2019-08-25,"en","BRN",3,"1"
"1634",2019-08-25,"en","BTN",4,"1"
"1635",2019-08-25,"en","BWA",1,"1"
"1636",2019-08-25,"en","CAF",4,"1"
"1637",2019-08-25,"en","CAN",40,"1"
"1638",2019-08-25,"en","CHE",21,"1"
"1639",2019-08-25,"en","CHL",3,"1"
"1640",2019-08-25,"en","CHN",31,"1"
"1641",2019-08-25,"en","CIV",1,"1"
"1642",2019-08-25,"en","CMR",57,"1"
"1643",2019-08-25,"en","COD",5,"1"
"1644",2019-08-25,"en","COG",8,"1"
"1645",2019-08-25,"en","COL",10,"1"
"1646",2019-08-25,"en","COM",1,"1"
"1647",2019-08-25,"en","CPV",3,"1"
"1648",2019-08-25,"en","CRI",1,"1"
"1649",2019-08-25,"en","CUB",2,"1"
"1650",2019-08-25,"en","CYP",5,"1"
"1651",2019-08-25,"en","CZE",5,"1"
"1652",2019-08-25,"en","DEU",43,"1"
"1653",2019-08-25,"en","DJI",3,"1"
"1654",2019-08-25,"en","DMA",2,"1"
"1655",2019-08-25,"en","DNK",1,"1"
"1656",2019-08-25,"en","DOM",1,"1"
"1657",2019-08-25,"en","DZA",18,"1"
"1658",2019-08-25,"en","ECU",20,"1"
"1659",2019-08-25,"en","EGY",8,"1"
"1660",2019-08-25,"en","ERI",1,"1"
"1661",2019-08-25,"en","ESP",35,"1"
"1662",2019-08-25,"en","EST",2,"1"
"1663",2019-08-25,"en","ETH",9,"1"
"1664",2019-08-25,"en","FIN",25,"1"
"1665",2019-08-25,"en","FRA",55,"1"
"1666",2019-08-25,"en","GAB",2,"1"
"1667",2019-08-25,"en","GBR",96,"1"
"1668",2019-08-25,"en","GEO",2,"1"
"1669",2019-08-25,"en","GGY",4,"1"
"1670",2019-08-25,"en","GHA",9,"1"
"1671",2019-08-25,"en","GIB",1,"1"
"1672",2019-08-25,"en","GIN",3,"1"
"1673",2019-08-25,"en","GLP",1,"1"
"1674",2019-08-25,"en","GMB",2,"1"
"1675",2019-08-25,"en","GRC",9,"1"
"1676",2019-08-25,"en","GRL",3,"1"
"1677",2019-08-25,"en","GTM",9,"1"
"1678",2019-08-25,"en","GUM",1,"1"
"1679",2019-08-25,"en","GUY",1,"1"
"1680",2019-08-25,"en","HKG",47,"1"
"1681",2019-08-25,"en","HRV",3,"1"
"1682",2019-08-25,"en","HTI",8,"1"
"1683",2019-08-25,"en","HUN",2,"1"
"1684",2019-08-25,"en","IDN",33,"1"
"1685",2019-08-25,"en","IND",127,"1"
"1686",2019-08-25,"en","IRL",15,"1"
"1687",2019-08-25,"en","IRN",48,"1"
"1688",2019-08-25,"en","IRQ",14,"1"
"1689",2019-08-25,"en","ISL",5,"1"
"1690",2019-08-25,"en","ISR",1,"1"
"1691",2019-08-25,"en","ITA",49,"1"
"1692",2019-08-25,"en","JAM",4,"1"
"1693",2019-08-25,"en","JOR",3,"1"
"1694",2019-08-25,"en","JPN",74,"1"
"1695",2019-08-25,"en","KAZ",8,"1"
"1696",2019-08-25,"en","KEN",6,"1"
"1697",2019-08-25,"en","KGZ",2,"1"
"1698",2019-08-25,"en","KHM",6,"1"
"1699",2019-08-25,"en","KOR",32,"1"
"1700",2019-08-25,"en","KWT",7,"1"
"1701",2019-08-25,"en","LAO",2,"1"
"1702",2019-08-25,"en","LBN",6,"1"
"1703",2019-08-25,"en","LBR",5,"1"
"1704",2019-08-25,"en","LBY",4,"1"
"1705",2019-08-25,"en","LIE",5,"1"
"1706",2019-08-25,"en","LKA",1,"1"
"1707",2019-08-25,"en","LTU",4,"1"
"1708",2019-08-25,"en","LUX",9,"1"
"1709",2019-08-25,"en","LVA",10,"1"
"1710",2019-08-25,"en","MAR",10,"1"
"1711",2019-08-25,"en","MDV",1,"1"
"1712",2019-08-25,"en","MEX",27,"1"
"1713",2019-08-25,"en","MLI",27,"1"
"1714",2019-08-25,"en","MLT",2,"1"
"1715",2019-08-25,"en","MMR",22,"1"
"1716",2019-08-25,"en","MNG",5,"1"
"1717",2019-08-25,"en","MOZ",1,"1"
"1718",2019-08-25,"en","MRT",5,"1"
"1719",2019-08-25,"en","MSR",9,"1"
"1720",2019-08-25,"en","MTQ",1,"1"
"1721",2019-08-25,"en","MUS",4,"1"
"1722",2019-08-25,"en","MYS",8,"1"
"1723",2019-08-25,"en","MYT",2,"1"
"1724",2019-08-25,"en","NAM",14,"1"
"1725",2019-08-25,"en","NER",1,"1"
"1726",2019-08-25,"en","NGA",29,"1"
"1727",2019-08-25,"en","NIC",1,"1"
"1728",2019-08-25,"en","NLD",14,"1"
"1729",2019-08-25,"en","NOR",9,"1"
"1730",2019-08-25,"en","NPL",32,"1"
"1731",2019-08-25,"en","NZL",2,"1"
"1732",2019-08-25,"en","OMN",8,"1"
"1733",2019-08-25,"en","PAK",76,"1"
"1734",2019-08-25,"en","PER",3,"1"
"1735",2019-08-25,"en","PHL",125,"1"
"1736",2019-08-25,"en","PLW",1,"1"
"1737",2019-08-25,"en","PNG",2,"1"
"1738",2019-08-25,"en","POL",9,"1"
"1739",2019-08-25,"en","PRI",1,"1"
"1740",2019-08-25,"en","PRK",1,"1"
"1741",2019-08-25,"en","PRT",24,"1"
"1742",2019-08-25,"en","PRY",2,"1"
"1743",2019-08-25,"en","PSE",11,"1"
"1744",2019-08-25,"en","PYF",3,"1"
"1745",2019-08-25,"en","QAT",2,"1"
"1746",2019-08-25,"en","REU",1,"1"
"1747",2019-08-25,"en","ROU",3,"1"
"1748",2019-08-25,"en","RUS",24,"1"
"1749",2019-08-25,"en","RWA",2,"1"
"1750",2019-08-25,"en","SAU",28,"1"
"1751",2019-08-25,"en","SDN",2,"1"
"1752",2019-08-25,"en","SEN",21,"1"
"1753",2019-08-25,"en","SGP",1,"1"
"1754",2019-08-25,"en","SLB",1,"1"
"1755",2019-08-25,"en","SLE",4,"1"
"1756",2019-08-25,"en","SOM",14,"1"
"1757",2019-08-25,"en","SRB",1,"1"
"1758",2019-08-25,"en","STP",1,"1"
"1759",2019-08-25,"en","SUR",2,"1"
"1760",2019-08-25,"en","SVK",4,"1"
"1761",2019-08-25,"en","SVN",6,"1"
"1762",2019-08-25,"en","SWE",28,"1"
"1763",2019-08-25,"en","SWZ",6,"1"
"1764",2019-08-25,"en","SYR",10,"1"
"1765",2019-08-25,"en","TCD",7,"1"
"1766",2019-08-25,"en","THA",16,"1"
"1767",2019-08-25,"en","TKM",2,"1"
"1768",2019-08-25,"en","TLS",1,"1"
"1769",2019-08-25,"en","TON",2,"1"
"1770",2019-08-25,"en","TTO",2,"1"
"1771",2019-08-25,"en","TUN",13,"1"
"1772",2019-08-25,"en","TUR",21,"1"
"1773",2019-08-25,"en","TWN",21,"1"
"1774",2019-08-25,"en","TZA",2,"1"
"1775",2019-08-25,"en","UGA",2,"1"
"1776",2019-08-25,"en","UKR",7,"1"
"1777",2019-08-25,"en","URY",4,"1"
"1778",2019-08-25,"en","USA",62401,"1"
"1779",2019-08-25,"en","UZB",2,"1"
"1780",2019-08-25,"en","VEN",5,"1"
"1781",2019-08-25,"en","VNM",8,"1"
"1782",2019-08-25,"en","WSM",1,"1"
"1783",2019-08-25,"en","YEM",7,"1"
"1784",2019-08-25,"en","ZAF",63,"1"
"1785",2019-08-25,"en","ZMB",9,"1"
"1786",2019-08-25,"en","ZWE",26,"1"
"1788",2019-08-25,"fr","BEL",5,"1"
"1789",2019-08-25,"fr","CHE",3,"1"
"1790",2019-08-25,"fr","CMR",10,"1"
"1791",2019-08-25,"fr","COG",1,"1"
"1792",2019-08-25,"fr","FIN",1,"1"
"1793",2019-08-25,"fr","FRA",39,"1"
"1794",2019-08-25,"fr","GHA",1,"1"
"1795",2019-08-25,"fr","MAR",1,"1"
"1796",2019-08-25,"fr","MEX",1,"1"
"1797",2019-08-25,"fr","SEN",1,"1"
"1798",2019-08-25,"fr","TUR",1,"1"
"1799",2019-08-25,"fr","UKR",1,"1"
"1800",2019-08-25,"fr","USA",5,"1"
"1802",2019-09-01,"ar","AFG",3,"1"
"1803",2019-09-01,"ar","ARE",14,"1"
"1804",2019-09-01,"ar","AUT",1,"1"
"1805",2019-09-01,"ar","AZE",1,"1"
"1806",2019-09-01,"ar","BEL",2,"1"
"1807",2019-09-01,"ar","BGD",2,"1"
"1808",2019-09-01,"ar","BHR",1,"1"
"1809",2019-09-01,"ar","BRA",3,"1"
"1810",2019-09-01,"ar","BRN",1,"1"
"1811",2019-09-01,"ar","CAN",1,"1"
"1812",2019-09-01,"ar","DEU",5,"1"
"1813",2019-09-01,"ar","EGY",17,"1"
"1814",2019-09-01,"ar","ETH",1,"1"
"1815",2019-09-01,"ar","FIN",1,"1"
"1816",2019-09-01,"ar","FRA",2,"1"
"1817",2019-09-01,"ar","GBR",1,"1"
"1818",2019-09-01,"ar","GRC",1,"1"
"1819",2019-09-01,"ar","IDN",1,"1"
"1820",2019-09-01,"ar","IRN",7,"1"
"1821",2019-09-01,"ar","IRQ",8,"1"
"1822",2019-09-01,"ar","ISR",2,"1"
"1823",2019-09-01,"ar","ITA",2,"1"
"1824",2019-09-01,"ar","JOR",2,"1"
"1825",2019-09-01,"ar","JPN",1,"1"
"1826",2019-09-01,"ar","KOR",1,"1"
"1827",2019-09-01,"ar","LBN",21,"1"
"1828",2019-09-01,"ar","MAR",1,"1"
"1829",2019-09-01,"ar","MRT",1,"1"
"1830",2019-09-01,"ar","NLD",3,"1"
"1831",2019-09-01,"ar","NOR",5,"1"
"1832",2019-09-01,"ar","NPL",1,"1"
"1833",2019-09-01,"ar","OMN",3,"1"
"1834",2019-09-01,"ar","PSE",3,"1"
"1835",2019-09-01,"ar","QAT",3,"1"
"1836",2019-09-01,"ar","RUS",2,"1"
"1837",2019-09-01,"ar","SAU",3,"1"
"1838",2019-09-01,"ar","SDN",3,"1"
"1839",2019-09-01,"ar","SWE",3,"1"
"1840",2019-09-01,"ar","SYR",8,"1"
"1841",2019-09-01,"ar","TCD",1,"1"
"1842",2019-09-01,"ar","TUR",13,"1"
"1843",2019-09-01,"ar","USA",14,"1"
"1844",2019-09-01,"ar","VEN",1,"1"
"1845",2019-09-01,"ar","YEM",731,"1"
"1846",2019-09-01,"ar","ZAF",1,"1"
"1848",2019-09-01,"en","ABW",1,"1"
"1849",2019-09-01,"en","AFG",1,"1"
"1850",2019-09-01,"en","ARE",7,"1"
"1851",2019-09-01,"en","ARG",1,"1"
"1852",2019-09-01,"en","ATA",1,"1"
"1853",2019-09-01,"en","AUS",6,"1"
"1854",2019-09-01,"en","AUT",3,"1"
"1855",2019-09-01,"en","BDI",1,"1"
"1856",2019-09-01,"en","BEL",6,"1"
"1857",2019-09-01,"en","BEN",1,"1"
"1858",2019-09-01,"en","BFA",1,"1"
"1859",2019-09-01,"en","BGD",1,"1"
"1860",2019-09-01,"en","BGR",1,"1"
"1861",2019-09-01,"en","BHR",2,"1"
"1862",2019-09-01,"en","BLR",1,"1"
"1863",2019-09-01,"en","BRA",5,"1"
"1864",2019-09-01,"en","BTN",2,"1"
"1865",2019-09-01,"en","BWA",1,"1"
"1866",2019-09-01,"en","CAN",23,"1"
"1867",2019-09-01,"en","CHE",10,"1"
"1868",2019-09-01,"en","CHL",4,"1"
"1869",2019-09-01,"en","CHN",14,"1"
"1870",2019-09-01,"en","COD",2,"1"
"1871",2019-09-01,"en","COG",2,"1"
"1872",2019-09-01,"en","CYP",5,"1"
"1873",2019-09-01,"en","CZE",3,"1"
"1874",2019-09-01,"en","DEU",5,"1"
"1875",2019-09-01,"en","DNK",3,"1"
"1876",2019-09-01,"en","DOM",2,"1"
"1877",2019-09-01,"en","DZA",3,"1"
"1878",2019-09-01,"en","ECU",8,"1"
"1879",2019-09-01,"en","EGY",5,"1"
"1880",2019-09-01,"en","ESP",4,"1"
"1881",2019-09-01,"en","EST",5,"1"
"1882",2019-09-01,"en","ETH",10,"1"
"1883",2019-09-01,"en","FIN",5,"1"
"1884",2019-09-01,"en","FJI",1,"1"
"1885",2019-09-01,"en","FRA",30,"1"
"1886",2019-09-01,"en","GBR",70,"1"
"1887",2019-09-01,"en","GEO",1,"1"
"1888",2019-09-01,"en","GHA",5,"1"
"1889",2019-09-01,"en","GIN",2,"1"
"1890",2019-09-01,"en","GMB",1,"1"
"1891",2019-09-01,"en","GRC",8,"1"
"1892",2019-09-01,"en","GRL",4,"1"
"1893",2019-09-01,"en","GTM",3,"1"
"1894",2019-09-01,"en","HKG",34,"1"
"1895",2019-09-01,"en","HUN",1,"1"
"1896",2019-09-01,"en","IDN",25,"1"
"1897",2019-09-01,"en","IND",76,"1"
"1898",2019-09-01,"en","IRL",3,"1"
"1899",2019-09-01,"en","IRN",10,"1"
"1900",2019-09-01,"en","IRQ",1,"1"
"1901",2019-09-01,"en","ISL",3,"1"
"1902",2019-09-01,"en","ISR",2,"1"
"1903",2019-09-01,"en","ITA",23,"1"
"1904",2019-09-01,"en","JOR",5,"1"
"1905",2019-09-01,"en","JPN",14,"1"
"1906",2019-09-01,"en","KAZ",2,"1"
"1907",2019-09-01,"en","KEN",4,"1"
"1908",2019-09-01,"en","KHM",5,"1"
"1909",2019-09-01,"en","KOR",13,"1"
"1910",2019-09-01,"en","KWT",1,"1"
"1911",2019-09-01,"en","LAO",1,"1"
"1912",2019-09-01,"en","LBN",2,"1"
"1913",2019-09-01,"en","LBR",1,"1"
"1914",2019-09-01,"en","LBY",3,"1"
"1915",2019-09-01,"en","LIE",2,"1"
"1916",2019-09-01,"en","LVA",2,"1"
"1917",2019-09-01,"en","MAR",4,"1"
"1918",2019-09-01,"en","MDG",2,"1"
"1919",2019-09-01,"en","MEX",8,"1"
"1920",2019-09-01,"en","MLI",3,"1"
"1921",2019-09-01,"en","MLT",1,"1"
"1922",2019-09-01,"en","MMR",5,"1"
"1923",2019-09-01,"en","MNG",3,"1"
"1924",2019-09-01,"en","MUS",2,"1"
"1925",2019-09-01,"en","MYT",1,"1"
"1926",2019-09-01,"en","NAM",10,"1"
"1927",2019-09-01,"en","NGA",19,"1"
"1928",2019-09-01,"en","NLD",11,"1"
"1929",2019-09-01,"en","NOR",2,"1"
"1930",2019-09-01,"en","NPL",4,"1"
"1931",2019-09-01,"en","NZL",3,"1"
"1932",2019-09-01,"en","OMN",3,"1"
"1933",2019-09-01,"en","PAK",23,"1"
"1934",2019-09-01,"en","PER",1,"1"
"1935",2019-09-01,"en","PHL",3,"1"
"1936",2019-09-01,"en","PNG",1,"1"
"1937",2019-09-01,"en","POL",2,"1"
"1938",2019-09-01,"en","PRK",1,"1"
"1939",2019-09-01,"en","PRT",17,"1"
"1940",2019-09-01,"en","PRY",3,"1"
"1941",2019-09-01,"en","PSE",7,"1"
"1942",2019-09-01,"en","QAT",1,"1"
"1943",2019-09-01,"en","ROU",1,"1"
"1944",2019-09-01,"en","RUS",11,"1"
"1945",2019-09-01,"en","SAU",7,"1"
"1946",2019-09-01,"en","SEN",9,"1"
"1947",2019-09-01,"en","SGP",1,"1"
"1948",2019-09-01,"en","SLE",1,"1"
"1949",2019-09-01,"en","SOM",2,"1"
"1950",2019-09-01,"en","SRB",1,"1"
"1951",2019-09-01,"en","SSD",2,"1"
"1952",2019-09-01,"en","SUR",1,"1"
"1953",2019-09-01,"en","SVK",2,"1"
"1954",2019-09-01,"en","SVN",2,"1"
"1955",2019-09-01,"en","SWE",19,"1"
"1956",2019-09-01,"en","SYC",1,"1"
"1957",2019-09-01,"en","SYR",6,"1"
"1958",2019-09-01,"en","TGO",1,"1"
"1959",2019-09-01,"en","THA",3,"1"
"1960",2019-09-01,"en","TON",1,"1"
"1961",2019-09-01,"en","TTO",2,"1"
"1962",2019-09-01,"en","TUN",5,"1"
"1963",2019-09-01,"en","TUR",5,"1"
"1964",2019-09-01,"en","TUV",1,"1"
"1965",2019-09-01,"en","TWN",6,"1"
"1966",2019-09-01,"en","TZA",1,"1"
"1967",2019-09-01,"en","UGA",2,"1"
"1968",2019-09-01,"en","UKR",6,"1"
"1969",2019-09-01,"en","URY",5,"1"
"1970",2019-09-01,"en","USA",33015,"1"
"1971",2019-09-01,"en","VAT",1,"1"
"1972",2019-09-01,"en","VNM",3,"1"
"1973",2019-09-01,"en","VUT",1,"1"
"1974",2019-09-01,"en","YEM",6,"1"
"1975",2019-09-01,"en","ZAF",50,"1"
"1976",2019-09-01,"en","ZWE",5,"1"
"1978",2019-09-01,"fr","AGO",2,"1"
"1979",2019-09-01,"fr","ARE",1,"1"
"1980",2019-09-01,"fr","AUS",1,"1"
"1981",2019-09-01,"fr","BEL",11,"1"
"1982",2019-09-01,"fr","BFA",2,"1"
"1983",2019-09-01,"fr","BRA",1,"1"
"1984",2019-09-01,"fr","CAN",4,"1"
"1985",2019-09-01,"fr","CHE",2,"1"
"1986",2019-09-01,"fr","CHN",1,"1"
"1987",2019-09-01,"fr","CMR",1,"1"
"1988",2019-09-01,"fr","COD",2,"1"
"1989",2019-09-01,"fr","COG",2,"1"
"1990",2019-09-01,"fr","DJI",1,"1"
"1991",2019-09-01,"fr","DZA",4,"1"
"1992",2019-09-01,"fr","ERI",1,"1"
"1993",2019-09-01,"fr","ESP",2,"1"
"1994",2019-09-01,"fr","FIN",1,"1"
"1995",2019-09-01,"fr","FRA",228,"1"
"1996",2019-09-01,"fr","GAB",1,"1"
"1997",2019-09-01,"fr","GBR",6,"1"
"1998",2019-09-01,"fr","GIN",2,"1"
"1999",2019-09-01,"fr","GLP",3,"1"
"2000",2019-09-01,"fr","GRC",3,"1"
"2001",2019-09-01,"fr","GUF",1,"1"
"2002",2019-09-01,"fr","IND",1,"1"
"2003",2019-09-01,"fr","IRN",2,"1"
"2004",2019-09-01,"fr","ISL",1,"1"
"2005",2019-09-01,"fr","ITA",4,"1"
"2006",2019-09-01,"fr","JPN",5,"1"
"2007",2019-09-01,"fr","KHM",1,"1"
"2008",2019-09-01,"fr","KWT",1,"1"
"2009",2019-09-01,"fr","LBR",1,"1"
"2010",2019-09-01,"fr","MAR",3,"1"
"2011",2019-09-01,"fr","MDG",1,"1"
"2012",2019-09-01,"fr","MRT",1,"1"
"2013",2019-09-01,"fr","MTQ",6,"1"
"2014",2019-09-01,"fr","MYT",1,"1"
"2015",2019-09-01,"fr","NER",1,"1"
"2016",2019-09-01,"fr","NGA",1,"1"
"2017",2019-09-01,"fr","NPL",1,"1"
"2018",2019-09-01,"fr","NZL",1,"1"
"2019",2019-09-01,"fr","PRT",1,"1"
"2020",2019-09-01,"fr","REU",5,"1"
"2021",2019-09-01,"fr","ROU",3,"1"
"2022",2019-09-01,"fr","SEN",4,"1"
"2023",2019-09-01,"fr","SVK",1,"1"
"2024",2019-09-01,"fr","SYR",1,"1"
"2025",2019-09-01,"fr","TGO",1,"1"
"2026",2019-09-01,"fr","TKM",1,"1"
"2027",2019-09-01,"fr","TUN",1,"1"
"2028",2019-09-01,"fr","TZA",1,"1"
"2029",2019-09-01,"fr","USA",30,"1"
"2030",2019-09-01,"fr","YEM",1,"1"
