Week starting,Language,Country code,Tweets
#date+week_start,#meta+lang,#country+code+v_iso2,#indicator+tweets
19/05/2019,en,,23
19/05/2019,en,AUS,1
19/05/2019,en,CAN,2
19/05/2019,en,FRA,1
19/05/2019,en,GBR,1
19/05/2019,en,GEO,1
19/05/2019,en,HRV,1
19/05/2019,en,ITA,1
19/05/2019,en,NGA,1
19/05/2019,en,NLD,1
19/05/2019,en,PAK,1
19/05/2019,en,USA,35
19/05/2019,en,ZAF,1
19/05/2019,fr,,9
19/05/2019,fr,FRA,11
19/05/2019,fr,GBR,1
19/05/2019,fr,ITA,2
19/05/2019,fr,USA,1
26/05/2019,ar,,4
26/05/2019,en,,982
26/05/2019,en,AFG,11
26/05/2019,en,ALB,1
26/05/2019,en,AND,1
26/05/2019,en,ARE,1
26/05/2019,en,ARG,4
26/05/2019,en,ATA,1
26/05/2019,en,AUS,27
26/05/2019,en,AZE,1
26/05/2019,en,BEL,3
26/05/2019,en,BEN,2
26/05/2019,en,BGD,1
26/05/2019,en,BMU,1
26/05/2019,en,BRA,11
26/05/2019,en,CAN,39
26/05/2019,en,CHE,6
26/05/2019,en,CHL,7
26/05/2019,en,CHN,4
26/05/2019,en,CIV,2
26/05/2019,en,CMR,2
26/05/2019,en,COL,2
26/05/2019,en,DEU,8
26/05/2019,en,DNK,3
26/05/2019,en,ECU,1
26/05/2019,en,ESP,4
26/05/2019,en,ETH,1
26/05/2019,en,FIN,11
26/05/2019,en,FRA,17
26/05/2019,en,GBR,74
26/05/2019,en,GHA,6
26/05/2019,en,GRC,19
26/05/2019,en,GUY,1
26/05/2019,en,HUN,1
26/05/2019,en,IDN,5
26/05/2019,en,IMN,1
26/05/2019,en,IND,49
26/05/2019,en,IRL,1
26/05/2019,en,IRN,2
26/05/2019,en,IRQ,2
26/05/2019,en,ISL,2
26/05/2019,en,ISR,2
26/05/2019,en,ITA,6
26/05/2019,en,JAM,3
26/05/2019,en,JPN,21
26/05/2019,en,KEN,6
26/05/2019,en,KOR,2
26/05/2019,en,KWT,2
26/05/2019,en,LBR,2
26/05/2019,en,LKA,3
26/05/2019,en,LTU,1
26/05/2019,en,LUX,1
26/05/2019,en,MAC,1
26/05/2019,en,MAR,1
26/05/2019,en,MEX,3
26/05/2019,en,MNG,1
26/05/2019,en,MOZ,1
26/05/2019,en,MYS,1
26/05/2019,en,NGA,37
26/05/2019,en,NLD,1
26/05/2019,en,NOR,2
26/05/2019,en,NPL,6
26/05/2019,en,NZL,2
26/05/2019,en,OMN,1
26/05/2019,en,PAK,9
26/05/2019,en,PHL,2
26/05/2019,en,POL,2
26/05/2019,en,PRT,1
26/05/2019,en,PSE,1
26/05/2019,en,QAT,1
26/05/2019,en,ROU,1
26/05/2019,en,RUS,2
26/05/2019,en,SGP,2
26/05/2019,en,SLE,1
26/05/2019,en,SOM,2
26/05/2019,en,SVK,5
26/05/2019,en,SWE,2
26/05/2019,en,SYR,1
26/05/2019,en,THA,2
26/05/2019,en,TUN,5
26/05/2019,en,TUR,3
26/05/2019,en,TWN,2
26/05/2019,en,TZA,1
26/05/2019,en,URY,1
26/05/2019,en,USA,1423
26/05/2019,en,VNM,1
26/05/2019,en,ZAF,1
26/05/2019,en,ZWE,1
26/05/2019,fr,,2
26/05/2019,fr,CAN,2
26/05/2019,fr,FRA,6
2/06/2019,en,,1507
2/06/2019,en,AFG,2
2/06/2019,en,ARE,1
2/06/2019,en,ARG,3
2/06/2019,en,AUS,14
2/06/2019,en,AUT,1
2/06/2019,en,AZE,1
2/06/2019,en,BEL,3
2/06/2019,en,BGD,4
2/06/2019,en,BHS,2
2/06/2019,en,BOL,1
2/06/2019,en,BRA,10
2/06/2019,en,CAN,78
2/06/2019,en,CHE,4
2/06/2019,en,CHN,2
2/06/2019,en,COL,6
2/06/2019,en,CRI,1
2/06/2019,en,CYM,1
2/06/2019,en,DEU,11
2/06/2019,en,DNK,4
2/06/2019,en,ECU,3
2/06/2019,en,EGY,1
2/06/2019,en,ERI,1
2/06/2019,en,ESP,51
2/06/2019,en,FIN,25
2/06/2019,en,FRA,28
2/06/2019,en,GBR,178
2/06/2019,en,GHA,10
2/06/2019,en,GRC,13
2/06/2019,en,HKG,1
2/06/2019,en,HTI,2
2/06/2019,en,IDN,8
2/06/2019,en,IND,27
2/06/2019,en,IRL,2
2/06/2019,en,IRN,6
2/06/2019,en,ISR,7
2/06/2019,en,ITA,17
2/06/2019,en,JAM,3
2/06/2019,en,JPN,30
2/06/2019,en,KEN,24
2/06/2019,en,KOR,4
2/06/2019,en,LBR,2
2/06/2019,en,LBY,1
2/06/2019,en,LSO,1
2/06/2019,en,MDV,3
2/06/2019,en,MEX,15
2/06/2019,en,MLT,1
2/06/2019,en,MMR,1
2/06/2019,en,MYS,4
2/06/2019,en,NGA,34
2/06/2019,en,NLD,5
2/06/2019,en,NOR,5
2/06/2019,en,NZL,3
2/06/2019,en,OMN,3
2/06/2019,en,PAK,12
2/06/2019,en,PHL,5
2/06/2019,en,POL,1
2/06/2019,en,PRI,2
2/06/2019,en,PRT,5
2/06/2019,en,QAT,1
2/06/2019,en,ROU,3
2/06/2019,en,RUS,5
2/06/2019,en,RWA,1
2/06/2019,en,SGP,2
2/06/2019,en,SOM,1
2/06/2019,en,SVN,1
2/06/2019,en,SWE,2
2/06/2019,en,THA,7
2/06/2019,en,TUN,1
2/06/2019,en,TUR,3
2/06/2019,en,TZA,2
2/06/2019,en,UGA,1
2/06/2019,en,UKR,2
2/06/2019,en,USA,3016
2/06/2019,en,VNM,1
2/06/2019,en,YEM,1
2/06/2019,en,ZAF,3
2/06/2019,en,ZMB,2
2/06/2019,fr,,3
2/06/2019,fr,CAN,1
2/06/2019,fr,FRA,3
2/06/2019,fr,GBR,1
9/06/2019,en,,835
9/06/2019,en,AFG,1
9/06/2019,en,ALB,1
9/06/2019,en,ARE,2
9/06/2019,en,ARG,2
9/06/2019,en,ATA,2
9/06/2019,en,BEL,4
9/06/2019,en,BGD,1
9/06/2019,en,BHS,1
9/06/2019,en,BMU,1
9/06/2019,en,BRA,2
9/06/2019,en,BRN,1
9/06/2019,en,CAN,61
9/06/2019,en,CHE,5
9/06/2019,en,CHL,2
9/06/2019,en,CHN,3
9/06/2019,en,COL,1
9/06/2019,en,CUB,1
9/06/2019,en,CYP,2
9/06/2019,en,DEU,8
9/06/2019,en,DNK,2
9/06/2019,en,DOM,1
9/06/2019,en,ECU,1
9/06/2019,en,ESP,31
9/06/2019,en,ETH,1
9/06/2019,en,FIN,8
9/06/2019,en,FJI,1
9/06/2019,en,FRA,13
9/06/2019,en,GBR,87
9/06/2019,en,GHA,7
9/06/2019,en,GRC,8
9/06/2019,en,HRV,2
9/06/2019,en,IDN,4
9/06/2019,en,IND,16
9/06/2019,en,IRL,1
9/06/2019,en,IRN,4
9/06/2019,en,ISR,1
9/06/2019,en,ITA,10
9/06/2019,en,JAM,3
9/06/2019,en,JPN,8
9/06/2019,en,KEN,12
9/06/2019,en,KOR,1
9/06/2019,en,LAO,1
9/06/2019,en,LCA,1
9/06/2019,en,MAR,4
9/06/2019,en,MEX,2
9/06/2019,en,MKD,1
9/06/2019,en,MNP,1
9/06/2019,en,MOZ,1
9/06/2019,en,MYS,1
9/06/2019,en,NGA,43
9/06/2019,en,NLD,5
9/06/2019,en,NOR,3
9/06/2019,en,NPL,1
9/06/2019,en,OMN,4
9/06/2019,en,PAK,4
9/06/2019,en,PHL,4
9/06/2019,en,POL,1
9/06/2019,en,PRT,1
9/06/2019,en,RWA,1
9/06/2019,en,SVK,1
9/06/2019,en,SVN,1
9/06/2019,en,SWE,1
9/06/2019,en,TTO,2
9/06/2019,en,TUN,4
9/06/2019,en,TUR,4
9/06/2019,en,TWN,1
9/06/2019,en,TZA,2
9/06/2019,en,UGA,11
9/06/2019,en,UKR,1
9/06/2019,en,USA,1501
9/06/2019,en,VEN,1
9/06/2019,en,ZAF,11
9/06/2019,en,ZMB,1
9/06/2019,fr,,11
9/06/2019,fr,FRA,11
9/06/2019,fr,GIN,1
9/06/2019,fr,SEN,6
16/06/2019,ar,,4
16/06/2019,ar,BEL,1
16/06/2019,ar,CAN,1
16/06/2019,ar,GBR,1
16/06/2019,ar,LBN,1
16/06/2019,ar,PSE,2
16/06/2019,en,,968
16/06/2019,en,AFG,4
16/06/2019,en,AND,1
16/06/2019,en,ARE,5
16/06/2019,en,ARG,2
16/06/2019,en,ATF,1
16/06/2019,en,AUS,2
16/06/2019,en,AUT,1
16/06/2019,en,BEL,1
16/06/2019,en,BFA,1
16/06/2019,en,BRA,1
16/06/2019,en,CAN,85
16/06/2019,en,CHE,4
16/06/2019,en,CHN,6
16/06/2019,en,COL,1
16/06/2019,en,CYP,1
16/06/2019,en,DEU,10
16/06/2019,en,DNK,2
16/06/2019,en,ESP,14
16/06/2019,en,EST,1
16/06/2019,en,ETH,6
16/06/2019,en,FIN,10
16/06/2019,en,FRA,14
16/06/2019,en,GBR,76
16/06/2019,en,GGY,1
16/06/2019,en,GHA,10
16/06/2019,en,GRC,10
16/06/2019,en,HUN,1
16/06/2019,en,IDN,6
16/06/2019,en,IND,13
16/06/2019,en,IRL,3
16/06/2019,en,IRN,7
16/06/2019,en,ISR,1
16/06/2019,en,ITA,4
16/06/2019,en,JAM,2
16/06/2019,en,JPN,9
16/06/2019,en,KAZ,1
16/06/2019,en,KEN,111
16/06/2019,en,LBR,1
16/06/2019,en,LKA,1
16/06/2019,en,LVA,1
16/06/2019,en,MEX,6
16/06/2019,en,MKD,2
16/06/2019,en,MLT,1
16/06/2019,en,MYS,7
16/06/2019,en,NGA,25
16/06/2019,en,NLD,3
16/06/2019,en,NOR,2
16/06/2019,en,OMN,2
16/06/2019,en,PAK,10
16/06/2019,en,PHL,3
16/06/2019,en,POL,3
16/06/2019,en,PRT,3
16/06/2019,en,PRY,1
16/06/2019,en,ROU,1
16/06/2019,en,RUS,3
16/06/2019,en,SAU,1
16/06/2019,en,SDN,2
16/06/2019,en,SEN,2
16/06/2019,en,SOM,11
16/06/2019,en,SSD,1
16/06/2019,en,SVN,1
16/06/2019,en,SWZ,1
16/06/2019,en,SYR,2
16/06/2019,en,THA,1
16/06/2019,en,TUR,4
16/06/2019,en,TZA,2
16/06/2019,en,UGA,1
16/06/2019,en,USA,1978
16/06/2019,en,VEN,3
16/06/2019,en,VNM,1
16/06/2019,en,YEM,1
16/06/2019,en,ZAF,3
16/06/2019,fr,,3
16/06/2019,fr,FRA,4
23/06/2019,ar,,1
23/06/2019,en,,947
23/06/2019,en,ARE,3
23/06/2019,en,ARG,1
23/06/2019,en,ARM,1
23/06/2019,en,AUS,1
23/06/2019,en,BEL,2
23/06/2019,en,BHR,1
23/06/2019,en,BRA,1
23/06/2019,en,CAN,53
23/06/2019,en,CHE,6
23/06/2019,en,CHN,4
23/06/2019,en,DEU,8
23/06/2019,en,DNK,1
23/06/2019,en,EGY,1
23/06/2019,en,ESP,10
23/06/2019,en,FIN,11
23/06/2019,en,FRA,7
23/06/2019,en,GBR,48
23/06/2019,en,GMB,1
23/06/2019,en,GRC,9
23/06/2019,en,HND,1
23/06/2019,en,IDN,8
23/06/2019,en,IND,11
23/06/2019,en,IRL,3
23/06/2019,en,IRN,4
23/06/2019,en,IRQ,2
23/06/2019,en,ISR,3
23/06/2019,en,ITA,2
23/06/2019,en,JAM,1
23/06/2019,en,JPN,6
23/06/2019,en,KEN,37
23/06/2019,en,KHM,1
23/06/2019,en,MDG,1
23/06/2019,en,MEX,8
23/06/2019,en,MKD,2
23/06/2019,en,MNG,1
23/06/2019,en,MYS,2
23/06/2019,en,NGA,48
23/06/2019,en,NIC,1
23/06/2019,en,NLD,5
23/06/2019,en,NOR,1
23/06/2019,en,NPL,2
23/06/2019,en,NZL,4
23/06/2019,en,OMN,4
23/06/2019,en,PAK,12
23/06/2019,en,PHL,2
23/06/2019,en,POL,1
23/06/2019,en,PRT,3
23/06/2019,en,QAT,1
23/06/2019,en,ROU,1
23/06/2019,en,RWA,1
23/06/2019,en,SLV,1
23/06/2019,en,SOM,1
23/06/2019,en,SVN,1
23/06/2019,en,SWE,2
23/06/2019,en,TUR,7
23/06/2019,en,TZA,2
23/06/2019,en,UGA,1
23/06/2019,en,URY,2
23/06/2019,en,USA,2262
23/06/2019,en,ZAF,2
23/06/2019,en,ZWE,2
30/06/2019,ar,,4
30/06/2019,ar,BGD,1
30/06/2019,ar,SAU,1
30/06/2019,ar,SYR,1
30/06/2019,ar,YEM,4
30/06/2019,en,,1213
30/06/2019,en,AFG,26
30/06/2019,en,ARE,6
30/06/2019,en,AUS,2
30/06/2019,en,AUT,2
30/06/2019,en,BDI,1
30/06/2019,en,BEL,1
30/06/2019,en,BGD,3
30/06/2019,en,BHR,2
30/06/2019,en,BRA,1
30/06/2019,en,CAN,103
30/06/2019,en,CHE,5
30/06/2019,en,CHN,2
30/06/2019,en,COL,3
30/06/2019,en,CRI,1
30/06/2019,en,CYP,1
30/06/2019,en,DEU,10
30/06/2019,en,DNK,7
30/06/2019,en,EGY,2
30/06/2019,en,ESP,6
30/06/2019,en,ETH,2
30/06/2019,en,FIN,19
30/06/2019,en,FRA,16
30/06/2019,en,GBR,99
30/06/2019,en,GHA,5
30/06/2019,en,GIB,1
30/06/2019,en,GRC,5
30/06/2019,en,IDN,3
30/06/2019,en,IND,16
30/06/2019,en,IRL,1
30/06/2019,en,IRN,3
30/06/2019,en,ISR,2
30/06/2019,en,ITA,9
30/06/2019,en,JAM,2
30/06/2019,en,JPN,9
30/06/2019,en,KAZ,1
30/06/2019,en,KEN,71
30/06/2019,en,KHM,1
30/06/2019,en,KNA,1
30/06/2019,en,KOR,5
30/06/2019,en,LVA,1
30/06/2019,en,MAR,2
30/06/2019,en,MDG,1
30/06/2019,en,MEX,1
30/06/2019,en,MLI,1
30/06/2019,en,MLT,1
30/06/2019,en,MNG,1
30/06/2019,en,MSR,1
30/06/2019,en,MYS,3
30/06/2019,en,NGA,35
30/06/2019,en,NIC,2
30/06/2019,en,NLD,1
30/06/2019,en,NOR,4
30/06/2019,en,NPL,1
30/06/2019,en,NZL,3
30/06/2019,en,OMN,3
30/06/2019,en,PAK,51
30/06/2019,en,PHL,5
30/06/2019,en,POL,1
30/06/2019,en,PRK,1
30/06/2019,en,PRT,5
30/06/2019,en,PRY,1
30/06/2019,en,PSE,2
30/06/2019,en,ROU,1
30/06/2019,en,RUS,1
30/06/2019,en,SAU,1
30/06/2019,en,SEN,1
30/06/2019,en,SLB,1
30/06/2019,en,SOM,3
30/06/2019,en,SVN,2
30/06/2019,en,SWE,1
30/06/2019,en,TUR,7
30/06/2019,en,UGA,10
30/06/2019,en,USA,3207
30/06/2019,en,VNM,1
30/06/2019,en,ZAF,4
30/06/2019,en,ZMB,3
30/06/2019,en,ZWE,2
30/06/2019,fr,SVN,1
30/06/2019,fr,TUR,1
7/07/2019,ar,,83
7/07/2019,ar,ARE,1
7/07/2019,ar,CHE,1
7/07/2019,ar,DEU,2
7/07/2019,ar,DZA,2
7/07/2019,ar,EGY,5
7/07/2019,ar,GBR,1
7/07/2019,ar,IRQ,2
7/07/2019,ar,KWT,6
7/07/2019,ar,LBN,2
7/07/2019,ar,PAK,2
7/07/2019,ar,PSE,2
7/07/2019,ar,SAU,25
7/07/2019,ar,SDN,2
7/07/2019,ar,SYR,3
7/07/2019,ar,TUR,2
7/07/2019,ar,USA,2
7/07/2019,ar,YEM,13
7/07/2019,en,,512
7/07/2019,en,AFG,17
7/07/2019,en,ALB,1
7/07/2019,en,ARG,2
7/07/2019,en,AUT,2
7/07/2019,en,BEL,2
7/07/2019,en,BHR,3
7/07/2019,en,BMU,1
7/07/2019,en,CAN,20
7/07/2019,en,CHE,1
7/07/2019,en,CHN,2
7/07/2019,en,COL,1
7/07/2019,en,CYP,3
7/07/2019,en,DEU,5
7/07/2019,en,DNK,2
7/07/2019,en,ECU,1
7/07/2019,en,ESP,6
7/07/2019,en,ETH,1
7/07/2019,en,FIN,1
7/07/2019,en,FJI,1
7/07/2019,en,FRA,5
7/07/2019,en,GBR,40
7/07/2019,en,GHA,5
7/07/2019,en,GRC,4
7/07/2019,en,GUY,1
7/07/2019,en,HND,2
7/07/2019,en,IDN,5
7/07/2019,en,IND,9
7/07/2019,en,IRN,3
7/07/2019,en,IRQ,1
7/07/2019,en,ISL,1
7/07/2019,en,ISR,1
7/07/2019,en,ITA,8
7/07/2019,en,JPN,5
7/07/2019,en,KEN,6
7/07/2019,en,KHM,1
7/07/2019,en,KOR,1
7/07/2019,en,LKA,7
7/07/2019,en,MLI,1
7/07/2019,en,MLT,1
7/07/2019,en,MNG,1
7/07/2019,en,MYS,1
7/07/2019,en,NAM,1
7/07/2019,en,NGA,66
7/07/2019,en,NLD,3
7/07/2019,en,NOR,1
7/07/2019,en,NPL,2
7/07/2019,en,NZL,1
7/07/2019,en,OMN,1
7/07/2019,en,PAK,15
7/07/2019,en,PER,1
7/07/2019,en,PHL,4
7/07/2019,en,PRT,1
7/07/2019,en,RUS,2
7/07/2019,en,SAU,2
7/07/2019,en,SVN,1
7/07/2019,en,SWE,2
7/07/2019,en,TUR,3
7/07/2019,en,UGA,1
7/07/2019,en,UKR,1
7/07/2019,en,URY,1
7/07/2019,en,USA,1981
7/07/2019,en,VEN,1
7/07/2019,en,ZMB,1
7/07/2019,fr,,4
7/07/2019,fr,FIN,1
7/07/2019,fr,FRA,7
7/07/2019,fr,USA,2
14/07/2019,ar,,1973
14/07/2019,ar,AFG,3
14/07/2019,ar,ARE,40
14/07/2019,ar,ARG,1
14/07/2019,ar,AUS,2
14/07/2019,ar,AUT,1
14/07/2019,ar,BEL,1
14/07/2019,ar,BHR,5
14/07/2019,ar,BIH,1
14/07/2019,ar,BRA,1
14/07/2019,ar,CAN,6
14/07/2019,ar,CHE,5
14/07/2019,ar,CHN,2
14/07/2019,ar,CMR,2
14/07/2019,ar,DEU,9
14/07/2019,ar,DZA,11
14/07/2019,ar,ECU,1
14/07/2019,ar,EGY,149
14/07/2019,ar,ESP,2
14/07/2019,ar,FIN,36
14/07/2019,ar,FRA,12
14/07/2019,ar,GBR,25
14/07/2019,ar,HRV,2
14/07/2019,ar,HUN,1
14/07/2019,ar,IDN,1
14/07/2019,ar,IND,2
14/07/2019,ar,IRN,12
14/07/2019,ar,IRQ,34
14/07/2019,ar,ISL,1
14/07/2019,ar,ITA,1
14/07/2019,ar,JOR,24
14/07/2019,ar,JPN,1
14/07/2019,ar,KWT,43
14/07/2019,ar,LBN,15
14/07/2019,ar,LBY,26
14/07/2019,ar,MAR,5
14/07/2019,ar,MDV,1
14/07/2019,ar,MYS,2
14/07/2019,ar,NER,1
14/07/2019,ar,NOR,1
14/07/2019,ar,NZL,1
14/07/2019,ar,OMN,86
14/07/2019,ar,PLW,1
14/07/2019,ar,PNG,1
14/07/2019,ar,PRT,1
14/07/2019,ar,PSE,15
14/07/2019,ar,QAT,11
14/07/2019,ar,RUS,4
14/07/2019,ar,SAU,686
14/07/2019,ar,SDN,12
14/07/2019,ar,SVN,1
14/07/2019,ar,SYR,135
14/07/2019,ar,TUN,3
14/07/2019,ar,TUR,6
14/07/2019,ar,UKR,1
14/07/2019,ar,USA,74
14/07/2019,ar,YEM,81
14/07/2019,ar,ZAF,1
14/07/2019,en,,1135
14/07/2019,en,AFG,65
14/07/2019,en,ALB,1
14/07/2019,en,ARE,5
14/07/2019,en,ATA,1
14/07/2019,en,AUT,2
14/07/2019,en,BEL,1
14/07/2019,en,BGD,10
14/07/2019,en,BOL,1
14/07/2019,en,BRA,1
14/07/2019,en,BRN,1
14/07/2019,en,BWA,1
14/07/2019,en,CAN,63
14/07/2019,en,CHE,4
14/07/2019,en,CHL,1
14/07/2019,en,CHN,2
14/07/2019,en,CIV,1
14/07/2019,en,CMR,4
14/07/2019,en,CPV,1
14/07/2019,en,CRI,1
14/07/2019,en,CYP,1
14/07/2019,en,CZE,2
14/07/2019,en,DEU,9
14/07/2019,en,DNK,4
14/07/2019,en,EGY,4
14/07/2019,en,ESP,4
14/07/2019,en,EST,1
14/07/2019,en,ETH,2
14/07/2019,en,FIN,12
14/07/2019,en,FRA,12
14/07/2019,en,GBR,68
14/07/2019,en,GGY,1
14/07/2019,en,GHA,4
14/07/2019,en,GRC,7
14/07/2019,en,HRV,1
14/07/2019,en,HUN,2
14/07/2019,en,IDN,1
14/07/2019,en,IND,23
14/07/2019,en,IRN,2
14/07/2019,en,IRQ,2
14/07/2019,en,ISR,3
14/07/2019,en,ITA,3
14/07/2019,en,JAM,2
14/07/2019,en,JPN,5
14/07/2019,en,KEN,12
14/07/2019,en,KOR,1
14/07/2019,en,LBN,2
14/07/2019,en,LKA,12
14/07/2019,en,LUX,1
14/07/2019,en,MAC,1
14/07/2019,en,MEX,4
14/07/2019,en,MNG,1
14/07/2019,en,MYS,3
14/07/2019,en,NAM,1
14/07/2019,en,NGA,11
14/07/2019,en,NIC,3
14/07/2019,en,NLD,5
14/07/2019,en,NOR,10
14/07/2019,en,NPL,1
14/07/2019,en,NZL,3
14/07/2019,en,OMN,4
14/07/2019,en,PAK,11
14/07/2019,en,PAN,1
14/07/2019,en,PHL,12
14/07/2019,en,PRT,5
14/07/2019,en,PSE,1
14/07/2019,en,QAT,5
14/07/2019,en,ROU,1
14/07/2019,en,RUS,1
14/07/2019,en,SDN,2
14/07/2019,en,SGP,1
14/07/2019,en,SLE,1
14/07/2019,en,SOM,4
14/07/2019,en,SVK,1
14/07/2019,en,SVN,1
14/07/2019,en,SWE,7
14/07/2019,en,SYR,1
14/07/2019,en,TUN,1
14/07/2019,en,TUR,12
14/07/2019,en,TWN,1
14/07/2019,en,UGA,4
14/07/2019,en,UKR,1
14/07/2019,en,USA,3194
14/07/2019,en,ZAF,6
14/07/2019,en,ZMB,3
14/07/2019,en,ZWE,9
14/07/2019,fr,,3
14/07/2019,fr,FIN,1
14/07/2019,fr,FRA,3
14/07/2019,fr,TGO,1
21/07/2019,ar,,2064
21/07/2019,ar,AFG,2
21/07/2019,ar,ARE,39
21/07/2019,ar,AUS,5
21/07/2019,ar,BEL,3
21/07/2019,ar,BGD,1
21/07/2019,ar,BHR,10
21/07/2019,ar,BRA,1
21/07/2019,ar,CAN,6
21/07/2019,ar,CHE,18
21/07/2019,ar,CHN,5
21/07/2019,ar,CIV,1
21/07/2019,ar,DEU,12
21/07/2019,ar,DZA,15
21/07/2019,ar,EGY,220
21/07/2019,ar,ESP,3
21/07/2019,ar,FIN,25
21/07/2019,ar,FRA,10
21/07/2019,ar,GBR,38
21/07/2019,ar,GRC,1
21/07/2019,ar,HUN,1
21/07/2019,ar,IDN,2
21/07/2019,ar,IND,1
21/07/2019,ar,IRN,22
21/07/2019,ar,IRQ,49
21/07/2019,ar,ISR,1
21/07/2019,ar,ITA,3
21/07/2019,ar,JOR,23
21/07/2019,ar,KOR,1
21/07/2019,ar,KWT,73
21/07/2019,ar,LBN,12
21/07/2019,ar,LBY,32
21/07/2019,ar,MAR,11
21/07/2019,ar,MLT,1
21/07/2019,ar,MRT,3
21/07/2019,ar,MTQ,1
21/07/2019,ar,MYS,1
21/07/2019,ar,NLD,1
21/07/2019,ar,OMN,87
21/07/2019,ar,PAK,2
21/07/2019,ar,PER,1
21/07/2019,ar,PRI,1
21/07/2019,ar,PSE,29
21/07/2019,ar,QAT,25
21/07/2019,ar,RUS,3
21/07/2019,ar,SAU,385
21/07/2019,ar,SDN,9
21/07/2019,ar,SOM,1
21/07/2019,ar,SWE,1
21/07/2019,ar,SYR,544
21/07/2019,ar,TUN,6
21/07/2019,ar,TUR,17
21/07/2019,ar,UGA,1
21/07/2019,ar,USA,62
21/07/2019,ar,VEN,1
21/07/2019,ar,YEM,104
21/07/2019,en,,595
21/07/2019,en,AFG,13
21/07/2019,en,AUS,4
21/07/2019,en,BEL,2
21/07/2019,en,BGD,2
21/07/2019,en,BGR,1
21/07/2019,en,BRA,2
21/07/2019,en,CAF,1
21/07/2019,en,CAN,22
21/07/2019,en,CHE,1
21/07/2019,en,CHN,4
21/07/2019,en,COL,2
21/07/2019,en,CZE,1
21/07/2019,en,DEU,8
21/07/2019,en,EGY,1
21/07/2019,en,ESP,1
21/07/2019,en,EST,1
21/07/2019,en,ETH,3
21/07/2019,en,FIN,7
21/07/2019,en,FJI,1
21/07/2019,en,FRA,1
21/07/2019,en,GBR,23
21/07/2019,en,GHA,5
21/07/2019,en,GRC,1
21/07/2019,en,HTI,1
21/07/2019,en,IDN,2
21/07/2019,en,IND,5
21/07/2019,en,IRL,2
21/07/2019,en,IRN,3
21/07/2019,en,IRQ,2
21/07/2019,en,ITA,3
21/07/2019,en,JAM,1
21/07/2019,en,JOR,1
21/07/2019,en,KEN,5
21/07/2019,en,KWT,1
21/07/2019,en,LBR,2
21/07/2019,en,LBY,1
21/07/2019,en,LKA,1
21/07/2019,en,LUX,3
21/07/2019,en,MAR,1
21/07/2019,en,MEX,2
21/07/2019,en,MOZ,3
21/07/2019,en,MYS,1
21/07/2019,en,NGA,3
21/07/2019,en,NLD,1
21/07/2019,en,NOR,2
21/07/2019,en,NPL,1
21/07/2019,en,PAK,1
21/07/2019,en,PAN,1
21/07/2019,en,PER,1
21/07/2019,en,PHL,4
21/07/2019,en,POL,1
21/07/2019,en,PRT,1
21/07/2019,en,QAT,2
21/07/2019,en,RUS,2
21/07/2019,en,SOM,3
21/07/2019,en,SWE,2
21/07/2019,en,SYR,4
21/07/2019,en,THA,1
21/07/2019,en,TWN,1
21/07/2019,en,UGA,2
21/07/2019,en,UKR,1
21/07/2019,en,USA,1381
21/07/2019,en,VNM,1
21/07/2019,en,YEM,2
21/07/2019,en,ZAF,1
21/07/2019,en,ZMB,2
21/07/2019,en,ZWE,4
21/07/2019,fr,,7
21/07/2019,fr,FRA,13
21/07/2019,fr,SEN,1
21/07/2019,fr,TUN,1
21/07/2019,fr,USA,1
28/07/2019,ar,,232
28/07/2019,ar,ARE,5
28/07/2019,ar,BHR,3
28/07/2019,ar,BRA,1
28/07/2019,ar,CAN,1
28/07/2019,ar,CHE,3
28/07/2019,ar,COL,1
28/07/2019,ar,DEU,2
28/07/2019,ar,DZA,1
28/07/2019,ar,EGY,29
28/07/2019,ar,FIN,1
28/07/2019,ar,FRA,3
28/07/2019,ar,GBR,69
28/07/2019,ar,HUN,1
28/07/2019,ar,IND,1
28/07/2019,ar,IRN,5
28/07/2019,ar,IRQ,6
28/07/2019,ar,JOR,2
28/07/2019,ar,JPN,1
28/07/2019,ar,KWT,5
28/07/2019,ar,LBN,6
28/07/2019,ar,LBY,7
28/07/2019,ar,MAR,2
28/07/2019,ar,OMN,4
28/07/2019,ar,PER,1
28/07/2019,ar,PHL,1
28/07/2019,ar,PSE,2
28/07/2019,ar,QAT,15
28/07/2019,ar,SAU,16
28/07/2019,ar,SDN,31
28/07/2019,ar,SHN,1
28/07/2019,ar,SWE,3
28/07/2019,ar,SYR,44
28/07/2019,ar,TUR,7
28/07/2019,ar,USA,11
28/07/2019,ar,YEM,20
28/07/2019,en,,582
28/07/2019,en,AFG,4
28/07/2019,en,AUS,2
28/07/2019,en,AZE,1
28/07/2019,en,BDI,1
28/07/2019,en,BEN,1
28/07/2019,en,BGD,1
28/07/2019,en,BGR,1
28/07/2019,en,BLR,1
28/07/2019,en,BRA,1
28/07/2019,en,CAN,17
28/07/2019,en,CHE,4
28/07/2019,en,CHN,2
28/07/2019,en,CMR,1
28/07/2019,en,COL,1
28/07/2019,en,CZE,1
28/07/2019,en,DEU,3
28/07/2019,en,DNK,1
28/07/2019,en,ECU,1
28/07/2019,en,FIN,1
28/07/2019,en,FRA,2
28/07/2019,en,GBR,9
28/07/2019,en,GGY,1
28/07/2019,en,GHA,6
28/07/2019,en,GRC,1
28/07/2019,en,HUN,1
28/07/2019,en,IDN,5
28/07/2019,en,IND,3
28/07/2019,en,IRN,3
28/07/2019,en,IRQ,2
28/07/2019,en,ISR,1
28/07/2019,en,ITA,6
28/07/2019,en,KAZ,1
28/07/2019,en,KEN,18
28/07/2019,en,KOR,1
28/07/2019,en,LBY,1
28/07/2019,en,MAR,13
28/07/2019,en,NGA,8
28/07/2019,en,NOR,4
28/07/2019,en,NPL,2
28/07/2019,en,OMN,2
28/07/2019,en,PHL,3
28/07/2019,en,PRI,1
28/07/2019,en,PRT,1
28/07/2019,en,PSE,12
28/07/2019,en,QAT,3
28/07/2019,en,RUS,1
28/07/2019,en,SDN,7
28/07/2019,en,SOM,3
28/07/2019,en,SVK,2
28/07/2019,en,SWE,2
28/07/2019,en,SYR,1
28/07/2019,en,THA,1
28/07/2019,en,TUR,3
28/07/2019,en,TWN,1
28/07/2019,en,UGA,4
28/07/2019,en,USA,1180
28/07/2019,en,YEM,1
28/07/2019,en,ZAF,3
28/07/2019,en,ZWE,3
28/07/2019,fr,,3
28/07/2019,fr,FRA,2
28/07/2019,fr,JPN,1
28/07/2019,fr,TCD,1
28/07/2019,fr,USA,2
4/08/2019,ar,,118
4/08/2019,ar,AFG,1
4/08/2019,ar,ARE,2
4/08/2019,ar,BEL,2
4/08/2019,ar,CHE,2
4/08/2019,ar,DZA,3
4/08/2019,ar,EGY,18
4/08/2019,ar,GBR,10
4/08/2019,ar,IRN,3
4/08/2019,ar,IRQ,3
4/08/2019,ar,KWT,6
4/08/2019,ar,LBN,4
4/08/2019,ar,LBY,2
4/08/2019,ar,MEX,1
4/08/2019,ar,OMN,2
4/08/2019,ar,PSE,3
4/08/2019,ar,SAU,6
4/08/2019,ar,SDN,1
4/08/2019,ar,SWE,1
4/08/2019,ar,SYR,8
4/08/2019,ar,TUR,1
4/08/2019,ar,USA,4
4/08/2019,ar,YEM,10
4/08/2019,en,,3194
4/08/2019,en,ABW,1
4/08/2019,en,AFG,8
4/08/2019,en,ARE,6
4/08/2019,en,ARG,4
4/08/2019,en,ATA,2
4/08/2019,en,AUS,5
4/08/2019,en,AUT,1
4/08/2019,en,BEL,4
4/08/2019,en,BHS,1
4/08/2019,en,BIH,2
4/08/2019,en,BRA,7
4/08/2019,en,BTN,1
4/08/2019,en,CAN,18
4/08/2019,en,CHE,3
4/08/2019,en,CHN,4
4/08/2019,en,COL,10
4/08/2019,en,CRI,2
4/08/2019,en,CZE,1
4/08/2019,en,DEU,15
4/08/2019,en,DNK,7
4/08/2019,en,ECU,1
4/08/2019,en,ESP,7
4/08/2019,en,EST,1
4/08/2019,en,ETH,1
4/08/2019,en,FIN,15
4/08/2019,en,FRA,7
4/08/2019,en,GBR,41
4/08/2019,en,GGY,1
4/08/2019,en,GHA,3
4/08/2019,en,GRC,2
4/08/2019,en,GUY,2
4/08/2019,en,HKG,2
4/08/2019,en,HTI,3
4/08/2019,en,HUN,1
4/08/2019,en,IDN,16
4/08/2019,en,IMN,1
4/08/2019,en,IND,12
4/08/2019,en,IRL,4
4/08/2019,en,IRN,6
4/08/2019,en,IRQ,2
4/08/2019,en,ISR,2
4/08/2019,en,ITA,17
4/08/2019,en,JAM,3
4/08/2019,en,JEY,1
4/08/2019,en,JPN,9
4/08/2019,en,KAZ,2
4/08/2019,en,KEN,14
4/08/2019,en,KGZ,1
4/08/2019,en,LAO,1
4/08/2019,en,LBY,1
4/08/2019,en,LUX,1
4/08/2019,en,MAR,10
4/08/2019,en,MCO,1
4/08/2019,en,MEX,8
4/08/2019,en,MKD,1
4/08/2019,en,MNG,1
4/08/2019,en,MYS,2
4/08/2019,en,NAM,1
4/08/2019,en,NGA,8
4/08/2019,en,NLD,8
4/08/2019,en,NOR,5
4/08/2019,en,NPL,3
4/08/2019,en,NZL,2
4/08/2019,en,OMN,1
4/08/2019,en,PAK,3
4/08/2019,en,PHL,6
4/08/2019,en,POL,2
4/08/2019,en,PRT,12
4/08/2019,en,QAT,2
4/08/2019,en,ROU,1
4/08/2019,en,RUS,2
4/08/2019,en,RWA,1
4/08/2019,en,SDN,2
4/08/2019,en,SEN,1
4/08/2019,en,SOM,1
4/08/2019,en,SRB,1
4/08/2019,en,SVN,2
4/08/2019,en,SWE,6
4/08/2019,en,THA,3
4/08/2019,en,TJK,1
4/08/2019,en,TLS,2
4/08/2019,en,TTO,1
4/08/2019,en,TUN,1
4/08/2019,en,TUR,3
4/08/2019,en,TWN,1
4/08/2019,en,UGA,7
4/08/2019,en,USA,5833
4/08/2019,en,VEN,3
4/08/2019,en,VGB,1
4/08/2019,en,YEM,1
4/08/2019,en,ZAF,2
4/08/2019,en,ZWE,3
4/08/2019,fr,,7
4/08/2019,fr,CHE,1
4/08/2019,fr,FRA,5
4/08/2019,fr,GBR,1
4/08/2019,fr,ISR,1
4/08/2019,fr,MAR,3
4/08/2019,fr,MDV,1
4/08/2019,fr,REU,1
11/08/2019,ar,,159
11/08/2019,ar,ARE,1
11/08/2019,ar,AUT,1
11/08/2019,ar,BHR,1
11/08/2019,ar,BRA,1
11/08/2019,ar,CHE,2
11/08/2019,ar,DEU,2
11/08/2019,ar,EGY,16
11/08/2019,ar,ESH,2
11/08/2019,ar,ESP,1
11/08/2019,ar,GBR,5
11/08/2019,ar,IRN,1
11/08/2019,ar,IRQ,5
11/08/2019,ar,KEN,1
11/08/2019,ar,KWT,6
11/08/2019,ar,LBN,3
11/08/2019,ar,LBY,3
11/08/2019,ar,MRT,1
11/08/2019,ar,OMN,2
11/08/2019,ar,PSE,2
11/08/2019,ar,SAU,11
11/08/2019,ar,SDN,1
11/08/2019,ar,SYR,21
11/08/2019,ar,THA,1
11/08/2019,ar,USA,7
11/08/2019,ar,YEM,4
11/08/2019,en,,2331
11/08/2019,en,ABW,1
11/08/2019,en,AFG,5
11/08/2019,en,ARE,2
11/08/2019,en,ARG,2
11/08/2019,en,AUS,8
11/08/2019,en,AUT,1
11/08/2019,en,AZE,1
11/08/2019,en,BEL,9
11/08/2019,en,BFA,1
11/08/2019,en,BHR,1
11/08/2019,en,BMU,1
11/08/2019,en,BRA,6
11/08/2019,en,CAN,17
11/08/2019,en,CHN,5
11/08/2019,en,CMR,3
11/08/2019,en,COD,1
11/08/2019,en,COL,4
11/08/2019,en,CZE,2
11/08/2019,en,DEU,12
11/08/2019,en,DNK,5
11/08/2019,en,DZA,1
11/08/2019,en,ECU,1
11/08/2019,en,EGY,1
11/08/2019,en,ESP,4
11/08/2019,en,EST,1
11/08/2019,en,FIN,16
11/08/2019,en,FRA,8
11/08/2019,en,GBR,19
11/08/2019,en,GHA,7
11/08/2019,en,GRC,6
11/08/2019,en,GTM,1
11/08/2019,en,GUY,1
11/08/2019,en,HTI,1
11/08/2019,en,HUN,2
11/08/2019,en,IDN,4
11/08/2019,en,IND,6
11/08/2019,en,IRL,3
11/08/2019,en,IRN,4
11/08/2019,en,IRQ,3
11/08/2019,en,ISR,2
11/08/2019,en,ITA,10
11/08/2019,en,JAM,2
11/08/2019,en,JPN,5
11/08/2019,en,KAZ,2
11/08/2019,en,KEN,21
11/08/2019,en,KWT,1
11/08/2019,en,LBR,2
11/08/2019,en,LBY,1
11/08/2019,en,LKA,4
11/08/2019,en,MAR,6
11/08/2019,en,MEX,3
11/08/2019,en,MLI,16
11/08/2019,en,NGA,15
11/08/2019,en,NLD,6
11/08/2019,en,NOR,5
11/08/2019,en,NPL,2
11/08/2019,en,PAK,13
11/08/2019,en,PAN,2
11/08/2019,en,PHL,9
11/08/2019,en,PNG,3
11/08/2019,en,POL,2
11/08/2019,en,PRK,2
11/08/2019,en,PRT,2
11/08/2019,en,PRY,2
11/08/2019,en,PSE,2
11/08/2019,en,QAT,3
11/08/2019,en,ROU,2
11/08/2019,en,RUS,1
11/08/2019,en,RWA,3
11/08/2019,en,SAU,1
11/08/2019,en,SEN,1
11/08/2019,en,SGP,1
11/08/2019,en,SLE,1
11/08/2019,en,SOM,2
11/08/2019,en,SVN,3
11/08/2019,en,SWE,5
11/08/2019,en,TUN,1
11/08/2019,en,TUR,5
11/08/2019,en,TWN,2
11/08/2019,en,UGA,3
11/08/2019,en,UKR,1
11/08/2019,en,URY,1
11/08/2019,en,USA,4787
11/08/2019,en,VEN,4
11/08/2019,en,ZAF,2
11/08/2019,en,ZWE,1
11/08/2019,fr,,1
11/08/2019,fr,CAN,3
11/08/2019,fr,FRA,5
11/08/2019,fr,MAR,2
11/08/2019,fr,MDV,1
18/08/2019,ar,,291
18/08/2019,ar,AFG,2
18/08/2019,ar,ARE,8
18/08/2019,ar,BGD,1
18/08/2019,ar,BRA,1
18/08/2019,ar,CYP,1
18/08/2019,ar,DNK,1
18/08/2019,ar,EGY,33
18/08/2019,ar,ESP,2
18/08/2019,ar,FIN,1
18/08/2019,ar,FRA,2
18/08/2019,ar,GBR,16
18/08/2019,ar,IRN,2
18/08/2019,ar,IRQ,6
18/08/2019,ar,ISR,1
18/08/2019,ar,ITA,1
18/08/2019,ar,KWT,8
18/08/2019,ar,LBN,4
18/08/2019,ar,LBY,5
18/08/2019,ar,MAR,2
18/08/2019,ar,OMN,5
18/08/2019,ar,PSE,20
18/08/2019,ar,QAT,2
18/08/2019,ar,SAU,18
18/08/2019,ar,SDN,2
18/08/2019,ar,SYR,39
18/08/2019,ar,TCD,1
18/08/2019,ar,TUR,7
18/08/2019,ar,UKR,1
18/08/2019,ar,USA,10
18/08/2019,ar,YEM,33
18/08/2019,en,,3216
18/08/2019,en,AFG,8
18/08/2019,en,ARE,2
18/08/2019,en,ARG,1
18/08/2019,en,AUS,3
18/08/2019,en,BEL,6
18/08/2019,en,BHR,1
18/08/2019,en,BHS,4
18/08/2019,en,BMU,1
18/08/2019,en,BRA,10
18/08/2019,en,BWA,3
18/08/2019,en,CAN,24
18/08/2019,en,CHE,5
18/08/2019,en,CHL,2
18/08/2019,en,CHN,2
18/08/2019,en,CMR,10
18/08/2019,en,COL,4
18/08/2019,en,CRI,1
18/08/2019,en,CYM,1
18/08/2019,en,CYP,2
18/08/2019,en,DEU,22
18/08/2019,en,DJI,1
18/08/2019,en,DNK,6
18/08/2019,en,DZA,1
18/08/2019,en,ECU,1
18/08/2019,en,ESP,8
18/08/2019,en,EST,2
18/08/2019,en,ETH,6
18/08/2019,en,FIN,29
18/08/2019,en,FJI,5
18/08/2019,en,FRA,15
18/08/2019,en,GBR,56
18/08/2019,en,GHA,24
18/08/2019,en,GRC,6
18/08/2019,en,GRL,1
18/08/2019,en,HKG,8
18/08/2019,en,HND,1
18/08/2019,en,HTI,2
18/08/2019,en,HUN,3
18/08/2019,en,IDN,15
18/08/2019,en,IND,42
18/08/2019,en,IRN,7
18/08/2019,en,IRQ,9
18/08/2019,en,ISR,1
18/08/2019,en,ITA,6
18/08/2019,en,JAM,10
18/08/2019,en,JOR,1
18/08/2019,en,JPN,9
18/08/2019,en,KAZ,1
18/08/2019,en,KEN,29
18/08/2019,en,KHM,3
18/08/2019,en,KOR,1
18/08/2019,en,LAO,2
18/08/2019,en,LBN,2
18/08/2019,en,LBY,4
18/08/2019,en,LKA,2
18/08/2019,en,LSO,1
18/08/2019,en,LUX,7
18/08/2019,en,MAR,1
18/08/2019,en,MDG,2
18/08/2019,en,MEX,5
18/08/2019,en,MKD,1
18/08/2019,en,MLI,11
18/08/2019,en,MLT,2
18/08/2019,en,MMR,4
18/08/2019,en,MNG,1
18/08/2019,en,MSR,1
18/08/2019,en,MWI,1
18/08/2019,en,MYS,1
18/08/2019,en,NAM,6
18/08/2019,en,NGA,18
18/08/2019,en,NLD,3
18/08/2019,en,NOR,4
18/08/2019,en,NPL,1
18/08/2019,en,NZL,2
18/08/2019,en,OMN,2
18/08/2019,en,PAK,18
18/08/2019,en,PHL,25
18/08/2019,en,POL,1
18/08/2019,en,PRI,1
18/08/2019,en,PRK,1
18/08/2019,en,PRT,6
18/08/2019,en,PRY,2
18/08/2019,en,PYF,1
18/08/2019,en,QAT,11
18/08/2019,en,ROU,1
18/08/2019,en,RUS,1
18/08/2019,en,RWA,2
18/08/2019,en,SAU,3
18/08/2019,en,SEN,5
18/08/2019,en,SLE,1
18/08/2019,en,SOM,12
18/08/2019,en,SRB,1
18/08/2019,en,SVN,2
18/08/2019,en,SWE,7
18/08/2019,en,SYR,4
18/08/2019,en,TCD,1
18/08/2019,en,THA,3
18/08/2019,en,TUR,5
18/08/2019,en,UGA,14
18/08/2019,en,UKR,3
18/08/2019,en,USA,6955
18/08/2019,en,VEN,8
18/08/2019,en,VIR,1
18/08/2019,en,YEM,1
18/08/2019,en,ZAF,9
18/08/2019,en,ZMB,3
18/08/2019,en,ZWE,6
18/08/2019,fr,,22
18/08/2019,fr,BEL,1
18/08/2019,fr,BEN,1
18/08/2019,fr,FRA,12
18/08/2019,fr,ISR,1
18/08/2019,fr,MAR,1
18/08/2019,fr,SVN,1
25/08/2019,ar,,269
25/08/2019,ar,ARE,3
25/08/2019,ar,AUS,1
25/08/2019,ar,CHE,1
25/08/2019,ar,DEU,2
25/08/2019,ar,EGY,21
25/08/2019,ar,ESP,1
25/08/2019,ar,FIN,1
25/08/2019,ar,GBR,10
25/08/2019,ar,IRN,2
25/08/2019,ar,IRQ,3
25/08/2019,ar,ISR,2
25/08/2019,ar,KWT,3
25/08/2019,ar,LBN,8
25/08/2019,ar,LBY,3
25/08/2019,ar,MYS,1
25/08/2019,ar,NLD,1
25/08/2019,ar,OMN,5
25/08/2019,ar,PSE,4
25/08/2019,ar,SAU,12
25/08/2019,ar,SYR,31
25/08/2019,ar,TUR,3
25/08/2019,ar,UKR,1
25/08/2019,ar,USA,5
25/08/2019,ar,YEM,45
25/08/2019,en,,4175
25/08/2019,en,AFG,10
25/08/2019,en,ALB,1
25/08/2019,en,ARE,7
25/08/2019,en,ARG,2
25/08/2019,en,AUS,8
25/08/2019,en,AUT,3
25/08/2019,en,BDI,1
25/08/2019,en,BEL,5
25/08/2019,en,BHS,2
25/08/2019,en,BMU,1
25/08/2019,en,BOL,1
25/08/2019,en,BRA,13
25/08/2019,en,BRB,1
25/08/2019,en,BRN,1
25/08/2019,en,BWA,2
25/08/2019,en,CAF,1
25/08/2019,en,CAN,31
25/08/2019,en,CHE,3
25/08/2019,en,CHL,2
25/08/2019,en,CHN,5
25/08/2019,en,CMR,24
25/08/2019,en,COD,1
25/08/2019,en,CUB,1
25/08/2019,en,CYP,1
25/08/2019,en,CZE,1
25/08/2019,en,DEU,25
25/08/2019,en,DMA,1
25/08/2019,en,DNK,14
25/08/2019,en,ECU,1
25/08/2019,en,ESP,11
25/08/2019,en,ETH,6
25/08/2019,en,FIN,28
25/08/2019,en,FJI,2
25/08/2019,en,FRA,28
25/08/2019,en,GBR,76
25/08/2019,en,GGY,2
25/08/2019,en,GHA,12
25/08/2019,en,GMB,1
25/08/2019,en,GRC,2
25/08/2019,en,GTM,2
25/08/2019,en,GUY,1
25/08/2019,en,HKG,5
25/08/2019,en,HRV,1
25/08/2019,en,HUN,1
25/08/2019,en,IDN,34
25/08/2019,en,IMN,1
25/08/2019,en,IND,84
25/08/2019,en,IRL,7
25/08/2019,en,IRN,17
25/08/2019,en,IRQ,4
25/08/2019,en,ITA,7
25/08/2019,en,JAM,2
25/08/2019,en,JOR,1
25/08/2019,en,JPN,24
25/08/2019,en,KAZ,2
25/08/2019,en,KEN,10
25/08/2019,en,KHM,1
25/08/2019,en,KOR,3
25/08/2019,en,LBY,2
25/08/2019,en,LKA,1
25/08/2019,en,LSO,1
25/08/2019,en,LUX,4
25/08/2019,en,LVA,3
25/08/2019,en,MAR,4
25/08/2019,en,MEX,12
25/08/2019,en,MLI,2
25/08/2019,en,MLT,2
25/08/2019,en,MMR,7
25/08/2019,en,MNG,2
25/08/2019,en,MSR,3
25/08/2019,en,MYS,7
25/08/2019,en,NAM,2
25/08/2019,en,NGA,17
25/08/2019,en,NLD,7
25/08/2019,en,NOR,9
25/08/2019,en,NPL,15
25/08/2019,en,NZL,2
25/08/2019,en,OMN,3
25/08/2019,en,PAK,11
25/08/2019,en,PER,1
25/08/2019,en,PHL,21
25/08/2019,en,PLW,1
25/08/2019,en,POL,5
25/08/2019,en,PRI,1
25/08/2019,en,PRT,3
25/08/2019,en,PSE,5
25/08/2019,en,PYF,1
25/08/2019,en,QAT,4
25/08/2019,en,REU,1
25/08/2019,en,RUS,1
25/08/2019,en,RWA,2
25/08/2019,en,SAU,2
25/08/2019,en,SDN,1
25/08/2019,en,SEN,4
25/08/2019,en,SOM,10
25/08/2019,en,SVN,2
25/08/2019,en,SWE,14
25/08/2019,en,SWZ,4
25/08/2019,en,SYR,1
25/08/2019,en,TCD,2
25/08/2019,en,THA,1
25/08/2019,en,TUN,1
25/08/2019,en,TUR,10
25/08/2019,en,TWN,4
25/08/2019,en,UGA,8
25/08/2019,en,UKR,5
25/08/2019,en,USA,9930
25/08/2019,en,VEN,4
25/08/2019,en,ZAF,20
25/08/2019,en,ZMB,3
25/08/2019,en,ZWE,16
25/08/2019,fr,,19
25/08/2019,fr,BEL,4
25/08/2019,fr,CHE,2
25/08/2019,fr,CMR,2
25/08/2019,fr,COG,1
25/08/2019,fr,FRA,16
25/08/2019,fr,MEX,1
25/08/2019,fr,SEN,1
25/08/2019,fr,TUR,1
25/08/2019,fr,USA,1
1/09/2019,ar,,388
1/09/2019,ar,AFG,1
1/09/2019,ar,ARE,9
1/09/2019,ar,AUS,1
1/09/2019,ar,AUT,1
1/09/2019,ar,AZE,2
1/09/2019,ar,BEL,1
1/09/2019,ar,BGD,1
1/09/2019,ar,BRA,2
1/09/2019,ar,CAN,1
1/09/2019,ar,CHE,2
1/09/2019,ar,CHN,1
1/09/2019,ar,DEU,2
1/09/2019,ar,EGY,62
1/09/2019,ar,FIN,1
1/09/2019,ar,GBR,14
1/09/2019,ar,IRQ,7
1/09/2019,ar,JOR,1
1/09/2019,ar,KWT,13
1/09/2019,ar,LBN,42
1/09/2019,ar,LBY,2
1/09/2019,ar,MAR,2
1/09/2019,ar,MRT,1
1/09/2019,ar,NLD,1
1/09/2019,ar,NOR,1
1/09/2019,ar,NPL,1
1/09/2019,ar,OMN,6
1/09/2019,ar,PSE,5
1/09/2019,ar,QAT,1
1/09/2019,ar,RUS,3
1/09/2019,ar,SAU,18
1/09/2019,ar,SDN,2
1/09/2019,ar,SWE,1
1/09/2019,ar,SYR,38
1/09/2019,ar,TUN,1
1/09/2019,ar,TUR,11
1/09/2019,ar,USA,10
1/09/2019,ar,YEM,130
1/09/2019,en,,4102
1/09/2019,en,AFG,8
1/09/2019,en,ALB,2
1/09/2019,en,ARE,2
1/09/2019,en,ARG,1
1/09/2019,en,ARM,1
1/09/2019,en,ATA,2
1/09/2019,en,AUS,6
1/09/2019,en,AUT,3
1/09/2019,en,BEL,11
1/09/2019,en,BHR,2
1/09/2019,en,BHS,4
1/09/2019,en,BLR,2
1/09/2019,en,BMU,1
1/09/2019,en,BRA,27
1/09/2019,en,BTN,1
1/09/2019,en,BWA,2
1/09/2019,en,CAN,37
1/09/2019,en,CHE,11
1/09/2019,en,CHL,3
1/09/2019,en,CHN,19
1/09/2019,en,CMR,7
1/09/2019,en,COD,1
1/09/2019,en,COG,1
1/09/2019,en,COL,4
1/09/2019,en,CPV,1
1/09/2019,en,CZE,2
1/09/2019,en,DEU,22
1/09/2019,en,DNK,4
1/09/2019,en,DZA,1
1/09/2019,en,EGY,5
1/09/2019,en,ESP,11
1/09/2019,en,EST,1
1/09/2019,en,ETH,8
1/09/2019,en,FIN,19
1/09/2019,en,FJI,2
1/09/2019,en,FRA,18
1/09/2019,en,GBR,66
1/09/2019,en,GEO,1
1/09/2019,en,GHA,8
1/09/2019,en,GNB,1
1/09/2019,en,GRC,5
1/09/2019,en,HKG,7
1/09/2019,en,HUN,1
1/09/2019,en,IDN,16
1/09/2019,en,IND,52
1/09/2019,en,IRL,5
1/09/2019,en,IRN,6
1/09/2019,en,IRQ,1
1/09/2019,en,ISL,2
1/09/2019,en,ISR,1
1/09/2019,en,ITA,2
1/09/2019,en,JPN,8
1/09/2019,en,KAZ,3
1/09/2019,en,KEN,6
1/09/2019,en,KHM,5
1/09/2019,en,KOR,4
1/09/2019,en,KWT,1
1/09/2019,en,LBN,4
1/09/2019,en,LBY,1
1/09/2019,en,LIE,2
1/09/2019,en,MAR,2
1/09/2019,en,MDG,2
1/09/2019,en,MDV,2
1/09/2019,en,MEX,4
1/09/2019,en,MLT,2
1/09/2019,en,MNG,2
1/09/2019,en,MYS,1
1/09/2019,en,NAM,12
1/09/2019,en,NGA,25
1/09/2019,en,NLD,10
1/09/2019,en,NOR,9
1/09/2019,en,NPL,6
1/09/2019,en,NZL,4
1/09/2019,en,OMN,2
1/09/2019,en,PAK,9
1/09/2019,en,PAN,1
1/09/2019,en,PER,1
1/09/2019,en,PHL,6
1/09/2019,en,POL,5
1/09/2019,en,PRT,8
1/09/2019,en,QAT,4
1/09/2019,en,ROU,2
1/09/2019,en,RUS,5
1/09/2019,en,RWA,1
1/09/2019,en,SAU,9
1/09/2019,en,SEN,2
1/09/2019,en,SGP,1
1/09/2019,en,SOM,7
1/09/2019,en,SSD,1
1/09/2019,en,SVN,1
1/09/2019,en,SWE,8
1/09/2019,en,SYR,9
1/09/2019,en,THA,3
1/09/2019,en,TUR,4
1/09/2019,en,TWN,4
1/09/2019,en,TZA,1
1/09/2019,en,UGA,1
1/09/2019,en,UKR,3
1/09/2019,en,USA,8411
1/09/2019,en,VAT,1
1/09/2019,en,VEN,5
1/09/2019,en,VNM,1
1/09/2019,en,VUT,1
1/09/2019,en,YEM,39
1/09/2019,en,ZAF,37
1/09/2019,en,ZWE,29
1/09/2019,fr,,24
1/09/2019,fr,BEN,1
1/09/2019,fr,BFA,1
1/09/2019,fr,CMR,2
1/09/2019,fr,COD,1
1/09/2019,fr,COG,1
1/09/2019,fr,FIN,1
1/09/2019,fr,FRA,9
1/09/2019,fr,GBR,1
1/09/2019,fr,GUF,1
1/09/2019,fr,ISR,1
1/09/2019,fr,KHM,1
1/09/2019,fr,MAR,1
1/09/2019,fr,SEN,2
1/09/2019,fr,USA,3
8/09/2019,ar,,30
8/09/2019,ar,EGY,2
8/09/2019,ar,GBR,1
8/09/2019,ar,JOR,2
8/09/2019,ar,KWT,4
8/09/2019,ar,PSE,1
8/09/2019,ar,SAU,1
8/09/2019,ar,SYR,5
8/09/2019,ar,TUR,1
8/09/2019,ar,USA,2
8/09/2019,ar,YEM,10
8/09/2019,en,,1465
8/09/2019,en,AFG,8
8/09/2019,en,AGO,1
8/09/2019,en,ATA,1
8/09/2019,en,AUS,3
8/09/2019,en,AUT,1
8/09/2019,en,BHR,1
8/09/2019,en,BOL,1
8/09/2019,en,BRA,4
8/09/2019,en,BWA,2
8/09/2019,en,CAN,12
8/09/2019,en,CHE,9
8/09/2019,en,CHN,5
8/09/2019,en,CMR,4
8/09/2019,en,COG,1
8/09/2019,en,COL,1
8/09/2019,en,CYM,2
8/09/2019,en,CYP,1
8/09/2019,en,CZE,1
8/09/2019,en,DEU,11
8/09/2019,en,DNK,3
8/09/2019,en,ESP,1
8/09/2019,en,ETH,2
8/09/2019,en,FIN,8
8/09/2019,en,FRA,5
8/09/2019,en,GBR,28
8/09/2019,en,GRC,2
8/09/2019,en,HKG,6
8/09/2019,en,HND,1
8/09/2019,en,HUN,2
8/09/2019,en,IDN,13
8/09/2019,en,IND,26
8/09/2019,en,IRL,2
8/09/2019,en,IRN,4
8/09/2019,en,ISL,1
8/09/2019,en,ITA,6
8/09/2019,en,JPN,1
8/09/2019,en,KEN,2
8/09/2019,en,KHM,1
8/09/2019,en,LBY,1
8/09/2019,en,LKA,1
8/09/2019,en,LUX,1
8/09/2019,en,MAR,1
8/09/2019,en,MDG,1
8/09/2019,en,MDV,1
8/09/2019,en,MEX,3
8/09/2019,en,MKD,1
8/09/2019,en,MLI,1
8/09/2019,en,MLT,1
8/09/2019,en,MMR,1
8/09/2019,en,MWI,1
8/09/2019,en,MYS,1
8/09/2019,en,NGA,11
8/09/2019,en,NLD,1
8/09/2019,en,NPL,6
8/09/2019,en,PAK,13
8/09/2019,en,PAN,1
8/09/2019,en,PHL,7
8/09/2019,en,PRT,3
8/09/2019,en,RUS,1
8/09/2019,en,RWA,1
8/09/2019,en,SAU,1
8/09/2019,en,SOM,1
8/09/2019,en,SVN,1
8/09/2019,en,SWE,2
8/09/2019,en,SYR,1
8/09/2019,en,TUR,3
8/09/2019,en,TZA,2
8/09/2019,en,UKR,1
8/09/2019,en,URY,1
8/09/2019,en,USA,3237
8/09/2019,en,VEN,5
8/09/2019,en,VNM,1
8/09/2019,en,WSM,1
8/09/2019,en,ZAF,6
8/09/2019,en,ZWE,13
8/09/2019,fr,,10
8/09/2019,fr,CAN,1
8/09/2019,fr,COG,1
8/09/2019,fr,DZA,1
8/09/2019,fr,FRA,6
8/09/2019,fr,ITA,1
11/08/2019,en,HND,2
11/08/2019,en,HRV,2
11/08/2019,en,HTI,8
11/08/2019,en,HUN,5
11/08/2019,en,IDN,5
11/08/2019,en,IMN,1
11/08/2019,en,IND,17
11/08/2019,en,IRL,4
11/08/2019,en,IRN,18
11/08/2019,en,IRQ,16
11/08/2019,en,ISR,6
11/08/2019,en,ITA,43
11/08/2019,en,JAM,2
11/08/2019,en,JEY,1
11/08/2019,en,JPN,52
11/08/2019,en,KAZ,6
11/08/2019,en,KEN,3
11/08/2019,en,KGZ,1
11/08/2019,en,KOR,6
11/08/2019,en,KWT,1
11/08/2019,en,LBN,5
11/08/2019,en,LBR,8
11/08/2019,en,LBY,1
11/08/2019,en,LKA,1
11/08/2019,en,LVA,2
11/08/2019,en,MAC,1
11/08/2019,en,MAR,5
11/08/2019,en,MDG,3
11/08/2019,en,MEX,32
11/08/2019,en,MLI,56
11/08/2019,en,MMR,4
11/08/2019,en,MNG,2
11/08/2019,en,MRT,2
11/08/2019,en,MTQ,2
11/08/2019,en,MYS,6
11/08/2019,en,NAM,1
11/08/2019,en,NCL,1
11/08/2019,en,NGA,17
11/08/2019,en,NLD,16
11/08/2019,en,NOR,10
11/08/2019,en,NPL,11
11/08/2019,en,PAK,14
11/08/2019,en,PAN,8
11/08/2019,en,PHL,24
11/08/2019,en,PNG,3
11/08/2019,en,POL,4
11/08/2019,en,PRI,1
11/08/2019,en,PRK,2
11/08/2019,en,PRT,23
11/08/2019,en,PRY,2
11/08/2019,en,PSE,4
11/08/2019,en,PYF,2
11/08/2019,en,QAT,2
11/08/2019,en,ROU,4
11/08/2019,en,RUS,13
11/08/2019,en,RWA,1
11/08/2019,en,SAU,8
11/08/2019,en,SEN,5
11/08/2019,en,SGP,1
11/08/2019,en,SLE,1
11/08/2019,en,SLV,1
11/08/2019,en,SOM,4
11/08/2019,en,SRB,1
11/08/2019,en,SSD,5
11/08/2019,en,SVN,1
11/08/2019,en,SWE,29
11/08/2019,en,SYR,4
11/08/2019,en,TCD,2
11/08/2019,en,THA,10
11/08/2019,en,TUN,3
11/08/2019,en,TUR,4
11/08/2019,en,TWN,6
11/08/2019,en,TZA,1
11/08/2019,en,UGA,1
11/08/2019,en,UKR,2
11/08/2019,en,URY,5
11/08/2019,en,USA,37199
11/08/2019,en,UZB,1
11/08/2019,en,VEN,2
11/08/2019,en,VIR,1
11/08/2019,en,VNM,2
11/08/2019,en,YEM,5
11/08/2019,en,ZAF,5
11/08/2019,en,ZWE,9
11/08/2019,en,,23624
11/08/2019,fr,ALB,1
11/08/2019,fr,BEL,1
11/08/2019,fr,CAN,3
11/08/2019,fr,FRA,34
11/08/2019,fr,GBR,2
11/08/2019,fr,IRQ,1
11/08/2019,fr,MAR,2
11/08/2019,fr,OMN,1
11/08/2019,fr,USA,2
11/08/2019,fr,,40
18/08/2019,ar,AFG,5
18/08/2019,ar,ARE,3
18/08/2019,ar,ARG,1
18/08/2019,ar,BGD,1
18/08/2019,ar,BHR,1
18/08/2019,ar,BRA,2
18/08/2019,ar,CAN,1
18/08/2019,ar,CHN,1
18/08/2019,ar,CYP,1
18/08/2019,ar,DEU,2
18/08/2019,ar,DNK,2
18/08/2019,ar,DZA,4
18/08/2019,ar,EGY,16
18/08/2019,ar,ESP,6
18/08/2019,ar,FIN,1
18/08/2019,ar,FRA,5
18/08/2019,ar,GBR,1
18/08/2019,ar,IRN,11
18/08/2019,ar,IRQ,26
18/08/2019,ar,ISR,2
18/08/2019,ar,ITA,2
18/08/2019,ar,JPN,1
18/08/2019,ar,LBN,5
18/08/2019,ar,LBY,3
18/08/2019,ar,MAR,2
18/08/2019,ar,MRT,1
18/08/2019,ar,NLD,1
18/08/2019,ar,NOR,2
18/08/2019,ar,OMN,1
18/08/2019,ar,PAK,4
18/08/2019,ar,PSE,26
18/08/2019,ar,QAT,6
18/08/2019,ar,SAU,8
18/08/2019,ar,SDN,1
18/08/2019,ar,SWE,1
18/08/2019,ar,SYR,16
18/08/2019,ar,TCD,1
18/08/2019,ar,TUN,1
18/08/2019,ar,TUR,13
18/08/2019,ar,UKR,1
18/08/2019,ar,USA,22
18/08/2019,ar,VAT,1
18/08/2019,ar,YEM,959
18/08/2019,ar,,1662
18/08/2019,en,AFG,8
18/08/2019,en,ALB,5
18/08/2019,en,ARE,6
18/08/2019,en,ARG,2
18/08/2019,en,ARM,1
18/08/2019,en,ATA,4
18/08/2019,en,AUS,7
18/08/2019,en,AUT,4
18/08/2019,en,AZE,3
18/08/2019,en,BEL,8
18/08/2019,en,BEN,1
18/08/2019,en,BFA,2
18/08/2019,en,BGR,1
18/08/2019,en,BHR,1
18/08/2019,en,BHS,1
18/08/2019,en,BIH,3
18/08/2019,en,BOL,1
18/08/2019,en,BRA,24
18/08/2019,en,BTN,1
18/08/2019,en,CAF,4
18/08/2019,en,CAN,21
18/08/2019,en,CHE,8
18/08/2019,en,CHL,2
18/08/2019,en,CHN,10
18/08/2019,en,CMR,33
18/08/2019,en,COD,1
18/08/2019,en,COG,3
18/08/2019,en,COL,2
18/08/2019,en,CRI,1
18/08/2019,en,CUB,1
18/08/2019,en,CYP,3
18/08/2019,en,CZE,7
18/08/2019,en,DEU,26
18/08/2019,en,DJI,2
18/08/2019,en,DZA,3
18/08/2019,en,ECU,12
18/08/2019,en,EGY,2
18/08/2019,en,ESP,17
18/08/2019,en,EST,2
18/08/2019,en,ETH,4
18/08/2019,en,FIN,27
18/08/2019,en,FJI,1
18/08/2019,en,FRA,34
18/08/2019,en,GBR,69
18/08/2019,en,GGY,1
18/08/2019,en,GHA,2
18/08/2019,en,GRC,6
18/08/2019,en,GRD,1
18/08/2019,en,GTM,1
18/08/2019,en,HKG,12
18/08/2019,en,HND,5
18/08/2019,en,HRV,2
18/08/2019,en,HTI,6
18/08/2019,en,HUN,1
18/08/2019,en,IDN,6
18/08/2019,en,IND,76
18/08/2019,en,IRL,1
18/08/2019,en,IRN,32
18/08/2019,en,IRQ,6
18/08/2019,en,ISR,7
18/08/2019,en,ITA,46
18/08/2019,en,JAM,2
18/08/2019,en,JOR,1
18/08/2019,en,JPN,41
18/08/2019,en,KAZ,2
18/08/2019,en,KEN,21
18/08/2019,en,KGZ,2
18/08/2019,en,KHM,4
18/08/2019,en,KOR,7
18/08/2019,en,KWT,3
18/08/2019,en,LAO,4
18/08/2019,en,LBN,8
18/08/2019,en,LBR,1
18/08/2019,en,LBY,4
18/08/2019,en,LKA,1
18/08/2019,en,LSO,2
18/08/2019,en,LTU,3
18/08/2019,en,LUX,11
18/08/2019,en,LVA,2
18/08/2019,en,MAR,3
18/08/2019,en,MDG,1
18/08/2019,en,MEX,18
18/08/2019,en,MKD,2
18/08/2019,en,MLI,48
18/08/2019,en,MLT,2
18/08/2019,en,MMR,11
18/08/2019,en,MNE,1
18/08/2019,en,MNG,3
18/08/2019,en,MNP,1
18/08/2019,en,MSR,1
18/08/2019,en,NAM,14
18/08/2019,en,NGA,17
18/08/2019,en,NIC,2
18/08/2019,en,NIU,1
18/08/2019,en,NLD,9
18/08/2019,en,NOR,3
18/08/2019,en,NPL,6
18/08/2019,en,NRU,1
18/08/2019,en,NZL,5
18/08/2019,en,OMN,3
18/08/2019,en,PAK,100
18/08/2019,en,PAN,1
18/08/2019,en,PHL,114
18/08/2019,en,POL,1
18/08/2019,en,PRI,2
18/08/2019,en,PRK,2
18/08/2019,en,PRT,14
18/08/2019,en,PRY,3
18/08/2019,en,PSE,2
18/08/2019,en,PYF,1
18/08/2019,en,QAT,4
18/08/2019,en,ROU,1
18/08/2019,en,RUS,1
18/08/2019,en,RWA,1
18/08/2019,en,SAU,7
18/08/2019,en,SDN,1
18/08/2019,en,SEN,18
18/08/2019,en,SLB,1
18/08/2019,en,SOM,37
18/08/2019,en,SRB,2
18/08/2019,en,SVK,2
18/08/2019,en,SVN,3
18/08/2019,en,SWE,24
18/08/2019,en,SYR,11
18/08/2019,en,TCD,3
18/08/2019,en,THA,6
18/08/2019,en,TKM,1
18/08/2019,en,TLS,1
18/08/2019,en,TUN,2
18/08/2019,en,TUR,6
18/08/2019,en,TWN,5
18/08/2019,en,TZA,2
18/08/2019,en,UGA,3
18/08/2019,en,UKR,5
18/08/2019,en,URY,1
18/08/2019,en,USA,32007
18/08/2019,en,VEN,3
18/08/2019,en,VIR,1
18/08/2019,en,VNM,1
18/08/2019,en,YEM,5
18/08/2019,en,ZAF,33
18/08/2019,en,ZMB,5
18/08/2019,en,ZWE,11
18/08/2019,en,,17922
18/08/2019,fr,BEL,6
18/08/2019,fr,BEN,1
18/08/2019,fr,BHR,1
18/08/2019,fr,CHE,2
18/08/2019,fr,COD,4
18/08/2019,fr,DEU,1
18/08/2019,fr,ESP,1
18/08/2019,fr,FIN,4
18/08/2019,fr,FRA,70
18/08/2019,fr,GBR,3
18/08/2019,fr,GLP,1
18/08/2019,fr,GRC,1
18/08/2019,fr,ISR,1
18/08/2019,fr,ITA,2
18/08/2019,fr,JPN,1
18/08/2019,fr,KOR,1
18/08/2019,fr,MAR,1
18/08/2019,fr,SSD,1
18/08/2019,fr,SVN,1
18/08/2019,fr,TCD,1
18/08/2019,fr,TGO,1
18/08/2019,fr,USA,4
18/08/2019,fr,,88
25/08/2019,ar,AFG,3
25/08/2019,ar,ARE,5
25/08/2019,ar,ARG,1
25/08/2019,ar,AUT,1
25/08/2019,ar,BEL,1
25/08/2019,ar,BGD,1
25/08/2019,ar,BHR,2
25/08/2019,ar,BIH,1
25/08/2019,ar,CHN,1
25/08/2019,ar,COL,1
25/08/2019,ar,COM,1
25/08/2019,ar,CZE,1
25/08/2019,ar,DEU,5
25/08/2019,ar,DZA,1
25/08/2019,ar,EGY,9
25/08/2019,ar,ESP,5
25/08/2019,ar,ETH,1
25/08/2019,ar,FIN,4
25/08/2019,ar,FRA,6
25/08/2019,ar,GBR,2
25/08/2019,ar,IDN,1
25/08/2019,ar,IND,1
25/08/2019,ar,IRN,10
25/08/2019,ar,IRQ,11
25/08/2019,ar,ISR,1
25/08/2019,ar,ITA,1
25/08/2019,ar,JPN,2
25/08/2019,ar,KEN,1
25/08/2019,ar,KOR,1
25/08/2019,ar,KWT,1
25/08/2019,ar,LBN,25
25/08/2019,ar,MAR,3
25/08/2019,ar,MYS,1
25/08/2019,ar,NER,1
25/08/2019,ar,NLD,2
25/08/2019,ar,OMN,4
25/08/2019,ar,PHL,1
25/08/2019,ar,PSE,5
25/08/2019,ar,QAT,4
25/08/2019,ar,SAU,10
25/08/2019,ar,SDN,1
25/08/2019,ar,SWE,1
25/08/2019,ar,SYR,11
25/08/2019,ar,TCD,1
25/08/2019,ar,TUN,4
25/08/2019,ar,TUR,3
25/08/2019,ar,UKR,1
25/08/2019,ar,URY,1
25/08/2019,ar,USA,28
25/08/2019,ar,YEM,889
25/08/2019,ar,,1667
25/08/2019,en,ABW,2
25/08/2019,en,AFG,25
25/08/2019,en,AGO,3
25/08/2019,en,ALB,8
25/08/2019,en,AND,3
25/08/2019,en,ARE,18
25/08/2019,en,ARG,5
25/08/2019,en,ARM,1
25/08/2019,en,ATA,2
25/08/2019,en,ATG,1
25/08/2019,en,AUS,19
25/08/2019,en,AUT,6
25/08/2019,en,AZE,3
25/08/2019,en,BEL,13
25/08/2019,en,BFA,5
25/08/2019,en,BGD,2
25/08/2019,en,BGR,1
25/08/2019,en,BHR,3
25/08/2019,en,BHS,1
25/08/2019,en,BIH,1
25/08/2019,en,BOL,3
25/08/2019,en,BRA,23
25/08/2019,en,BRB,1
25/08/2019,en,BRN,3
25/08/2019,en,BTN,4
25/08/2019,en,BWA,1
25/08/2019,en,CAF,4
25/08/2019,en,CAN,40
25/08/2019,en,CHE,21
25/08/2019,en,CHL,3
25/08/2019,en,CHN,31
25/08/2019,en,CIV,1
25/08/2019,en,CMR,57
25/08/2019,en,COD,5
25/08/2019,en,COG,8
25/08/2019,en,COL,10
25/08/2019,en,COM,1
25/08/2019,en,CPV,3
25/08/2019,en,CRI,1
25/08/2019,en,CUB,2
25/08/2019,en,CYP,5
25/08/2019,en,CZE,5
25/08/2019,en,DEU,43
25/08/2019,en,DJI,3
25/08/2019,en,DMA,2
25/08/2019,en,DNK,1
25/08/2019,en,DOM,1
25/08/2019,en,DZA,18
25/08/2019,en,ECU,20
25/08/2019,en,EGY,8
25/08/2019,en,ERI,1
25/08/2019,en,ESP,35
25/08/2019,en,EST,2
25/08/2019,en,ETH,9
25/08/2019,en,FIN,25
25/08/2019,en,FRA,55
25/08/2019,en,GAB,2
25/08/2019,en,GBR,96
25/08/2019,en,GEO,2
25/08/2019,en,GGY,4
25/08/2019,en,GHA,9
25/08/2019,en,GIB,1
25/08/2019,en,GIN,3
25/08/2019,en,GLP,1
25/08/2019,en,GMB,2
25/08/2019,en,GRC,9
25/08/2019,en,GRL,3
25/08/2019,en,GTM,9
25/08/2019,en,GUM,1
25/08/2019,en,GUY,1
25/08/2019,en,HKG,47
25/08/2019,en,HRV,3
25/08/2019,en,HTI,8
25/08/2019,en,HUN,2
25/08/2019,en,IDN,33
25/08/2019,en,IND,127
25/08/2019,en,IRL,15
25/08/2019,en,IRN,48
25/08/2019,en,IRQ,14
25/08/2019,en,ISL,5
25/08/2019,en,ISR,1
25/08/2019,en,ITA,49
25/08/2019,en,JAM,4
25/08/2019,en,JOR,3
25/08/2019,en,JPN,74
25/08/2019,en,KAZ,8
25/08/2019,en,KEN,6
25/08/2019,en,KGZ,2
25/08/2019,en,KHM,6
25/08/2019,en,KOR,32
25/08/2019,en,KWT,7
25/08/2019,en,LAO,2
25/08/2019,en,LBN,6
25/08/2019,en,LBR,5
25/08/2019,en,LBY,4
25/08/2019,en,LIE,5
25/08/2019,en,LKA,1
25/08/2019,en,LTU,4
25/08/2019,en,LUX,9
25/08/2019,en,LVA,10
25/08/2019,en,MAR,10
25/08/2019,en,MDV,1
25/08/2019,en,MEX,27
25/08/2019,en,MLI,27
25/08/2019,en,MLT,2
25/08/2019,en,MMR,22
25/08/2019,en,MNG,5
25/08/2019,en,MOZ,1
25/08/2019,en,MRT,5
25/08/2019,en,MSR,9
25/08/2019,en,MTQ,1
25/08/2019,en,MUS,4
25/08/2019,en,MYS,8
25/08/2019,en,MYT,2
25/08/2019,en,NAM,14
25/08/2019,en,NER,1
25/08/2019,en,NGA,29
25/08/2019,en,NIC,1
25/08/2019,en,NLD,14
25/08/2019,en,NOR,9
25/08/2019,en,NPL,32
25/08/2019,en,NZL,2
25/08/2019,en,OMN,8
25/08/2019,en,PAK,76
25/08/2019,en,PER,3
25/08/2019,en,PHL,125
25/08/2019,en,PLW,1
25/08/2019,en,PNG,2
25/08/2019,en,POL,9
25/08/2019,en,PRI,1
25/08/2019,en,PRK,1
25/08/2019,en,PRT,24
25/08/2019,en,PRY,2
25/08/2019,en,PSE,11
25/08/2019,en,PYF,3
25/08/2019,en,QAT,2
25/08/2019,en,REU,1
25/08/2019,en,ROU,3
25/08/2019,en,RUS,24
25/08/2019,en,RWA,2
25/08/2019,en,SAU,28
25/08/2019,en,SDN,2
25/08/2019,en,SEN,21
25/08/2019,en,SGP,1
25/08/2019,en,SLB,1
25/08/2019,en,SLE,4
25/08/2019,en,SOM,14
25/08/2019,en,SRB,1
25/08/2019,en,STP,1
25/08/2019,en,SUR,2
25/08/2019,en,SVK,4
25/08/2019,en,SVN,6
25/08/2019,en,SWE,28
25/08/2019,en,SWZ,6
25/08/2019,en,SYR,10
25/08/2019,en,TCD,7
25/08/2019,en,THA,16
25/08/2019,en,TKM,2
25/08/2019,en,TLS,1
25/08/2019,en,TON,2
25/08/2019,en,TTO,2
25/08/2019,en,TUN,13
25/08/2019,en,TUR,21
25/08/2019,en,TWN,21
25/08/2019,en,TZA,2
25/08/2019,en,UGA,2
25/08/2019,en,UKR,7
25/08/2019,en,URY,4
25/08/2019,en,USA,62401
25/08/2019,en,UZB,2
25/08/2019,en,VEN,5
25/08/2019,en,VNM,8
25/08/2019,en,WSM,1
25/08/2019,en,YEM,7
25/08/2019,en,ZAF,63
25/08/2019,en,ZMB,9
25/08/2019,en,ZWE,26
25/08/2019,en,,37991
25/08/2019,fr,BEL,5
25/08/2019,fr,CHE,3
25/08/2019,fr,CMR,10
25/08/2019,fr,COG,1
25/08/2019,fr,FIN,1
25/08/2019,fr,FRA,39
25/08/2019,fr,GHA,1
25/08/2019,fr,MAR,1
25/08/2019,fr,MEX,1
25/08/2019,fr,SEN,1
25/08/2019,fr,TUR,1
25/08/2019,fr,UKR,1
25/08/2019,fr,USA,5
25/08/2019,fr,,56
1/09/2019,ar,AFG,3
1/09/2019,ar,ARE,14
1/09/2019,ar,AUT,1
1/09/2019,ar,AZE,1
1/09/2019,ar,BEL,2
1/09/2019,ar,BGD,2
1/09/2019,ar,BHR,1
1/09/2019,ar,BRA,3
1/09/2019,ar,BRN,1
1/09/2019,ar,CAN,1
1/09/2019,ar,DEU,5
1/09/2019,ar,EGY,17
1/09/2019,ar,ETH,1
1/09/2019,ar,FIN,1
1/09/2019,ar,FRA,2
1/09/2019,ar,GBR,1
1/09/2019,ar,GRC,1
1/09/2019,ar,IDN,1
1/09/2019,ar,IRN,7
1/09/2019,ar,IRQ,8
1/09/2019,ar,ISR,2
1/09/2019,ar,ITA,2
1/09/2019,ar,JOR,2
1/09/2019,ar,JPN,1
1/09/2019,ar,KOR,1
1/09/2019,ar,LBN,21
1/09/2019,ar,MAR,1
1/09/2019,ar,MRT,1
1/09/2019,ar,NLD,3
1/09/2019,ar,NOR,5
1/09/2019,ar,NPL,1
1/09/2019,ar,OMN,3
1/09/2019,ar,PSE,3
1/09/2019,ar,QAT,3
1/09/2019,ar,RUS,2
1/09/2019,ar,SAU,3
1/09/2019,ar,SDN,3
1/09/2019,ar,SWE,3
1/09/2019,ar,SYR,8
1/09/2019,ar,TCD,1
1/09/2019,ar,TUR,13
1/09/2019,ar,USA,14
1/09/2019,ar,VEN,1
1/09/2019,ar,YEM,731
1/09/2019,ar,ZAF,1
1/09/2019,ar,,1223
1/09/2019,en,ABW,1
1/09/2019,en,AFG,1
1/09/2019,en,ARE,7
1/09/2019,en,ARG,1
1/09/2019,en,ATA,1
1/09/2019,en,AUS,6
1/09/2019,en,AUT,3
1/09/2019,en,BDI,1
1/09/2019,en,BEL,6
1/09/2019,en,BEN,1
1/09/2019,en,BFA,1
1/09/2019,en,BGD,1
1/09/2019,en,BGR,1
1/09/2019,en,BHR,2
1/09/2019,en,BLR,1
1/09/2019,en,BRA,5
1/09/2019,en,BTN,2
1/09/2019,en,BWA,1
1/09/2019,en,CAN,23
1/09/2019,en,CHE,10
1/09/2019,en,CHL,4
1/09/2019,en,CHN,14
1/09/2019,en,COD,2
1/09/2019,en,COG,2
1/09/2019,en,CYP,5
1/09/2019,en,CZE,3
1/09/2019,en,DEU,5
1/09/2019,en,DNK,3
1/09/2019,en,DOM,2
1/09/2019,en,DZA,3
1/09/2019,en,ECU,8
1/09/2019,en,EGY,5
1/09/2019,en,ESP,4
1/09/2019,en,EST,5
1/09/2019,en,ETH,10
1/09/2019,en,FIN,5
1/09/2019,en,FJI,1
1/09/2019,en,FRA,30
1/09/2019,en,GBR,70
1/09/2019,en,GEO,1
1/09/2019,en,GHA,5
1/09/2019,en,GIN,2
1/09/2019,en,GMB,1
1/09/2019,en,GRC,8
1/09/2019,en,GRL,4
1/09/2019,en,GTM,3
1/09/2019,en,HKG,34
1/09/2019,en,HUN,1
1/09/2019,en,IDN,25
1/09/2019,en,IND,76
1/09/2019,en,IRL,3
1/09/2019,en,IRN,10
1/09/2019,en,IRQ,1
1/09/2019,en,ISL,3
1/09/2019,en,ISR,2
1/09/2019,en,ITA,23
1/09/2019,en,JOR,5
1/09/2019,en,JPN,14
1/09/2019,en,KAZ,2
1/09/2019,en,KEN,4
1/09/2019,en,KHM,5
1/09/2019,en,KOR,13
1/09/2019,en,KWT,1
1/09/2019,en,LAO,1
1/09/2019,en,LBN,2
1/09/2019,en,LBR,1
1/09/2019,en,LBY,3
1/09/2019,en,LIE,2
1/09/2019,en,LVA,2
1/09/2019,en,MAR,4
1/09/2019,en,MDG,2
1/09/2019,en,MEX,8
1/09/2019,en,MLI,3
1/09/2019,en,MLT,1
1/09/2019,en,MMR,5
1/09/2019,en,MNG,3
1/09/2019,en,MUS,2
1/09/2019,en,MYT,1
1/09/2019,en,NAM,10
1/09/2019,en,NGA,19
1/09/2019,en,NLD,11
1/09/2019,en,NOR,2
1/09/2019,en,NPL,4
1/09/2019,en,NZL,3
1/09/2019,en,OMN,3
1/09/2019,en,PAK,23
1/09/2019,en,PER,1
1/09/2019,en,PHL,3
1/09/2019,en,PNG,1
1/09/2019,en,POL,2
1/09/2019,en,PRK,1
1/09/2019,en,PRT,17
1/09/2019,en,PRY,3
1/09/2019,en,PSE,7
1/09/2019,en,QAT,1
1/09/2019,en,ROU,1
1/09/2019,en,RUS,11
1/09/2019,en,SAU,7
1/09/2019,en,SEN,9
1/09/2019,en,SGP,1
1/09/2019,en,SLE,1
1/09/2019,en,SOM,2
1/09/2019,en,SRB,1
1/09/2019,en,SSD,2
1/09/2019,en,SUR,1
1/09/2019,en,SVK,2
1/09/2019,en,SVN,2
1/09/2019,en,SWE,19
1/09/2019,en,SYC,1
1/09/2019,en,SYR,6
1/09/2019,en,TGO,1
1/09/2019,en,THA,3
1/09/2019,en,TON,1
1/09/2019,en,TTO,2
1/09/2019,en,TUN,5
1/09/2019,en,TUR,5
1/09/2019,en,TUV,1
1/09/2019,en,TWN,6
1/09/2019,en,TZA,1
1/09/2019,en,UGA,2
1/09/2019,en,UKR,6
1/09/2019,en,URY,5
1/09/2019,en,USA,33015
1/09/2019,en,VAT,1
1/09/2019,en,VNM,3
1/09/2019,en,VUT,1
1/09/2019,en,YEM,6
1/09/2019,en,ZAF,50
1/09/2019,en,ZWE,5
1/09/2019,en,,17959
1/09/2019,fr,AGO,2
1/09/2019,fr,ARE,1
1/09/2019,fr,AUS,1
1/09/2019,fr,BEL,11
1/09/2019,fr,BFA,2
1/09/2019,fr,BRA,1
1/09/2019,fr,CAN,4
1/09/2019,fr,CHE,2
1/09/2019,fr,CHN,1
1/09/2019,fr,CMR,1
1/09/2019,fr,COD,2
1/09/2019,fr,COG,2
1/09/2019,fr,DJI,1
1/09/2019,fr,DZA,4
1/09/2019,fr,ERI,1
1/09/2019,fr,ESP,2
1/09/2019,fr,FIN,1
1/09/2019,fr,FRA,228
1/09/2019,fr,GAB,1
1/09/2019,fr,GBR,6
1/09/2019,fr,GIN,2
1/09/2019,fr,GLP,3
1/09/2019,fr,GRC,3
1/09/2019,fr,GUF,1
1/09/2019,fr,IND,1
1/09/2019,fr,IRN,2
1/09/2019,fr,ISL,1
1/09/2019,fr,ITA,4
1/09/2019,fr,JPN,5
1/09/2019,fr,KHM,1
1/09/2019,fr,KWT,1
1/09/2019,fr,LBR,1
1/09/2019,fr,MAR,3
1/09/2019,fr,MDG,1
1/09/2019,fr,MRT,1
1/09/2019,fr,MTQ,6
1/09/2019,fr,MYT,1
1/09/2019,fr,NER,1
1/09/2019,fr,NGA,1
1/09/2019,fr,NPL,1
1/09/2019,fr,NZL,1
1/09/2019,fr,PRT,1
1/09/2019,fr,REU,5
1/09/2019,fr,ROU,3
1/09/2019,fr,SEN,4
1/09/2019,fr,SVK,1
1/09/2019,fr,SYR,1
1/09/2019,fr,TGO,1
1/09/2019,fr,TKM,1
1/09/2019,fr,TUN,1
1/09/2019,fr,TZA,1
1/09/2019,fr,USA,30
1/09/2019,fr,YEM,1
1/09/2019,fr,,289
